Version 1.2 - 2015 Thermoelectric Water Use Model Estimates,,,,,,,,,,,,,,,,,,,
Data release:  https://www.sciencebase.gov/catalog/item/5f63be9a82ce38aaa23b0739,,,,,,,,,,,,,,,,,,,
EIA_PLANT_ID,PLANT_NAME,COUNTY,STATE,NAME_OF_WATER_SOURCE,LATITUDE,LONGITUDE,ELEVATION,COMID,COOLING_TYPE,GENERATION_TYPE,WATER_SOURCE_CODE,WATER_TYPE_CODE,WITHDRAWAL,CONSUMPTION,MIN_WITHDRAWAL,MAX_WITHDRAWAL,MIN_CONSUMPTION,MAX_CONSUMPTION,NET_GENERATION
3,Barry,Mobile,AL,Mobile River,31.00696404,-88.01089992,15,18520855,COMPLEX,COMPLEX,SW,FR,330,8.34,3.21,2560,3.77,9.99,"11,387,562"
7,Gadsden,Etowah,AL,Coosa River,34.01361111,-85.97027778,535,22199835,ONCE-THROUGH FRESH,GAS STEAM,SW,FR,20.5,0.26,9.22,161,0.21,0.32,"214,655"
8,Gorgas,Walker,AL,Warrior River,33.64469388,-87.19974286,275,18591860,ONCE-THROUGH FRESH,COAL,SW,FR,323,4.11,145,2530,3.2,5.01,"4,652,042"
10,Greene County,Greene,AL,Black Warrior River,32.60193544,-87.78200563,100,18211194,ONCE-THROUGH FRESH,COAL,SW,FR,158,2.24,70.8,1240,1.74,2.73,"2,207,648"
26,E C Gaston,Shelby,AL,Coosa River,33.24405797,-86.45746254,400,22273418,COMPLEX,COAL,SW,FR,120,8.2,6.13,865,1.15,9.71,"6,578,669"
46,Browns Ferry,Limestone,AL,Tennessee River,34.70403941,-87.11816898,575,19623742,COMPLEX,NUCLEAR,SW,FR,2490,35.4,41.5,22900,25.6,48,"27,669,694"
47,Colbert,Colbert,AL,Tennessee River,34.7439,-87.8486,445,19581379,ONCE-THROUGH FRESH,COAL,SW,FR,206,2.61,92.5,1610,2.04,3.18,"2,685,375"
50,Widows Creek,Jackson,AL,Tennessee River,34.88322061,-85.75523176,620,19646344,ONCE-THROUGH FRESH,COAL,SW,FR,143,1.88,64,1120,1.46,2.29,"1,627,447"
51,Dolet Hills,DeSoto,LA,Toledo Bend Lake,32.03088081,-93.56881187,245,8342665,RECIRCULATING TOWER,COAL,SW,FR,8.95,6.39,5.82,16,6.31,6.77,"4,273,045"
56,Charles R Lowman,Washington,AL,Tombigbee River,31.48839321,-87.91025742,40,21642176,RECIRCULATING TOWER,COAL,SW,FR,3.6,2.57,2.35,6.32,2.55,2.68,"1,647,783"
59,Platte,Hall,NE,Wells,40.85405821,-98.34846297,1870,7265233,RECIRCULATING TOWER,COAL,GW,FR,1.03,0.73,0.66,1.82,0.71,0.77,"541,762"
60,Whelan Energy Center,Adams,NE,Wells,40.58061518,-98.31275377,1890,18758724,RECIRCULATING TOWER,COAL,GW,FR,2.5,1.79,1.61,4.42,1.74,1.87,"1,380,537"
79,Aurora Energy LLC Chena,Fairbanks North Star,AK,Chena River,64.847474,-147.732909,446,-999,ONCE-THROUGH FRESH,COAL,SW,-nr-,31,0.25,14,238,0.19,0.3,"198,296"
87,Escalante,McKinley,NM,Wells,35.41600724,-108.0825471,6890,17771165,RECIRCULATING TOWER,COAL,GW,FR,2.71,1.94,1.71,5.18,1.85,2.2,"1,368,602"
96,Beluga,Kenai Peninsula,AK,Well,61.18522683,-151.0364175,85,-999,COMPLEX,NGCC,-nr-,-nr-,0.04,0.03,0,0.14,0,0.12,"188,818"
108,Holcomb,Finney,KS,Wells,37.93035601,-100.9725428,2920,21251514,RECIRCULATING TOWER,COAL,GW,FR,2.7,1.93,1.7,5.05,1.84,2.14,"1,443,465"
113,Cholla,Navajo,AZ,Lake Wells,34.94082453,-110.3003025,5030,21746307,RECIRCULATING TOWER,COAL,GW,FR,11.5,8.22,7.22,22.2,7.83,9.42,"5,522,942"
116,Ocotillo,Maricopa,AZ,Wells,33.42512468,-111.912384,1180,20481284,RECIRCULATING TOWER,GAS STEAM,GW,FR,0.25,0.18,0.16,0.51,0.17,0.22,"105,522"
117,West Phoenix,Maricopa,AZ,Wells,33.44270271,-112.1546127,1060,20479752,RECIRCULATING TOWER,NGCC,GW,FR,2.2,1.57,1.4,4.39,1.52,1.86,"1,811,587"
120,Yucca,Yuma,AZ,Wells,32.72139444,-114.7103528,121,21412867,RECIRCULATING TOWER,GAS STEAM,GW,-nr-,0.63,0.45,0.4,1.2,0.43,0.51,"277,526"
126,H Wilson Sundt Generating Station,Pima,AZ,Wells,32.16016304,-110.905565,2610,15903647,RECIRCULATING TOWER,GAS STEAM,GW,FR,1.46,1.04,0.9,2.95,0.97,1.25,"764,312"
127,Oklaunion,Wilbarger,TX,Municipality,34.08264661,-99.17592552,1230,13727091,RECIRCULATING TOWER,COAL,SW,FR,4.12,2.95,2.64,7.47,2.87,3.17,"2,081,937"
130,Cross,Berkeley,SC,Diversion Canal,33.36932286,-80.11332509,80,9644979,RECIRCULATING TOWER,COAL,SW,FR,16.6,11.8,10.8,29.3,11.7,12.4,"8,921,964"
136,Seminole (FL),Putnam,FL,St Johns River,29.73469548,-81.63206718,80,16664633,RECIRCULATING TOWER,COAL,SW,FR,14.4,10.3,9.42,25.4,10.2,10.8,"7,744,214"
141,Agua Fria,Maricopa,AZ,Wells,33.55450661,-112.2156297,1140,20419482,RECIRCULATING TOWER,GAS STEAM,GW,FR,0.3,0.22,0.19,0.64,0.21,0.27,"110,469"
147,Kyrene,Maricopa,AZ,Well Water,33.35589145,-111.936438,1190,21270494,RECIRCULATING TOWER,NGCC,SW,FR,0.78,0.56,0.5,1.62,0.54,0.69,"872,866"
160,Apache Station,Cochise,AZ,Wells,32.06178337,-109.8944462,4200,21263023,RECIRCULATING TOWER,COMPLEX,GW,OT,4.29,3.07,2.74,8.68,2.97,3.68,"1,929,246"
165,GREC,Mayes,OK,Grand Neosho,36.1902051,-95.28903116,620,21773139,RECIRCULATING TOWER,COAL,SW,FR,8.8,6.29,5.7,15.7,6.17,6.63,"3,755,194"
170,Lake Catherine,Hot Spring,AR,Lake Catherine,34.4340047,-92.90441257,330,15237608,ONCE-THROUGH FRESH,GAS STEAM,SW,FR,17.8,0.18,8.13,131,0.14,0.22,"159,628"
201,Thomas Fitzhugh,Franklin,AR,Arkansas River,35.46221888,-93.80493609,374,7768811,COMPLEX,NGCC,SW,FR,2.86,0.05,0.06,26.4,0.04,0.07,"76,419"
202,Carl Bailey,Woodruff,AR,White River,35.25984386,-91.36364542,210,11800747,ONCE-THROUGH FRESH,GAS STEAM,SW,FR,3.17,0.04,1.42,24.9,0.03,0.05,"32,020"
203,McClellan (AR),Ouachita,AR,Ouachita River,33.56440516,-92.79140028,120,22012822,ONCE-THROUGH FRESH,GAS STEAM,SW,FR,8.11,0.12,3.63,64,0.09,0.15,"88,953"
204,Clinton Power Station,DeWitt,IL,Salt Creek,40.17262133,-88.83435066,730,13552373,ONCE-THROUGH FRESH,NUCLEAR,SW,FR,1010,10.5,458,7500,8.19,12.8,"8,663,837"
207,St Johns River Power Park,Duval,FL,St. Johns River,30.43184208,-81.55028704,10,16659807,RECIRCULATING TOWER,COAL,SW,SA,10.2,7.31,6.69,18,7.26,7.63,"4,799,223"
210,Wolf Creek Generating Station,Coffey,KS,Wolf Creek Cooling Lake,38.23998736,-95.68972204,1100,20888757,RECIRCULATING POND,NUCLEAR,SW,FR,9.47,9.47,7.39,11.6,7.39,11.6,"8,630,178"
260,Dynegy Moss Landing Power Plant,Monterey,CA,Moss Landing Harbor,36.80472192,-121.7826217,0,17606205,ONCE-THROUGH SALINE,COMPLEX,SW,SA,160,0,134,334,0,0,"3,947,428"
271,Pittsburg Power,Contra Costa,CA,Sacremento-San Joaquin River D,38.03955743,-121.8941649,10,2788533,COMPLEX,GAS STEAM,SW,SA,15,0.23,0.03,117,0,0.25,"181,060"
298,Limestone,Limestone,TX,Lake Limestone,31.4230303,-96.25276036,460,5576035,RECIRCULATING TOWER,COAL,SW,FR,16.5,11.8,10.7,29.5,11.6,12.5,"9,164,672"
302,Encina,San Diego,CA,Pacific Ocean,33.13611318,-117.336276,0,20342643,ONCE-THROUGH SALINE,GAS STEAM,SW,SA,80.6,0,65.3,163,0,0,"652,624"
315,AES Alamitos LLC,Los Angeles,CA,Los Cerritos Channel,33.76913561,-118.1002421,0,22525185,ONCE-THROUGH SALINE,GAS STEAM,SW,SA,113,0,92.2,230,0,0,"1,052,825"
330,El Segundo Power,Los Angeles,CA,Pacific Ocean,33.90940044,-118.4245704,0,20366339,ONCE-THROUGH SALINE,GAS STEAM,SW,SA,15.4,0,12.6,31.5,0,0,"144,279"
331,Etiwanda Generating Station,San Bernardino,CA,Wells,34.09107383,-117.5278841,1110,22563044,RECIRCULATING TOWER,GAS STEAM,GW,FR,0.42,0.3,0.26,0.82,0.29,0.35,"136,904"
335,AES Huntington Beach LLC,Orange,CA,Pacific Ocean,33.64265185,-117.9771,0,22561410,ONCE-THROUGH SALINE,GAS STEAM,SW,SA,62.4,0,51.2,128,0,0,"722,497"
345,Mandalay,Ventura,CA,Pacific Ocean,34.20641074,-119.2509438,10,17563304,ONCE-THROUGH SALINE,GAS STEAM,SW,SA,22.8,0,18.6,46.6,0,0,"247,656"
350,Ormond Beach,Ventura,CA,Pacific Ocean,34.12968338,-119.1685669,0,17563318,ONCE-THROUGH SALINE,GAS STEAM,SW,SA,39,0,31.8,79.4,0,0,"405,013"
356,AES Redondo Beach LLC,Los Angeles,CA,Pacific Ocean,33.85075455,-118.3953847,0,20366347,ONCE-THROUGH SALINE,GAS STEAM,SW,SA,52.1,0,42.6,106,0,0,"486,888"
358,Mountainview Generating Station,San Bernardino,CA,Wells,34.07949236,-117.2414784,1110,24843732,RECIRCULATING TOWER,NGCC,GW,OT,5.46,3.9,3.47,10.5,3.76,4.44,"5,750,409"
371,Columbia Generating Station,Benton,WA,Columbia River,46.47118722,-119.3346601,450,24415030,RECIRCULATING TOWER,NUCLEAR,SW,FR,17.5,12.5,11.1,32.8,12,13.9,"8,160,912"
377,Grayson,Los Angeles,CA,Municipality,34.15613618,-118.2786432,470,22514960,RECIRCULATING TOWER,COMPLEX,PD,BE,0.44,0.31,0.28,0.82,0.31,0.35,"152,604"
384,Joliet 29,Will,IL,Desplaines River,41.4946911,-88.12371689,510,14788089,COMPLEX,COAL,SW,FR,309,5.92,6.53,3410,4.17,7.7,"5,466,753"
389,El Centro,Imperial,CA,Dogwood Canal,32.80204148,-115.5397085,-50,22602435,RECIRCULATING TOWER,COMPLEX,SW,OT,1.47,1.05,0.91,2.85,0.99,1.21,"998,997"
399,Harbor,Los Angeles,CA,Pacific Ocean,33.76908095,-118.2661469,17,20366391,ONCE-THROUGH SALINE,NGCC,SW,SA,5.35,0,4.38,10.9,0,0,"59,734"
400,Haynes,Los Angeles,CA,Pacific Ocean,33.76485063,-118.0991871,0,22525185,ONCE-THROUGH SALINE,COMPLEX,SW,SA,114,0,93.5,234,0,0,"2,668,567"
404,Scattergood,Los Angeles,CA,Pacific Ocean,33.91738812,-118.4271947,0,20366337,ONCE-THROUGH SALINE,GAS STEAM,SW,SA,136,0,112,280,0,0,"1,278,120"
408,Valley (CA),Los Angeles,CA,Municipality,34.2447062,-118.3922837,920,22514964,RECIRCULATING TOWER,NGCC,OT,OT,0.89,0.64,0.57,1.7,0.62,0.72,"1,010,843"
420,Broadway (CA),Los Angeles,CA,Municipality,34.1259952,-118.1477677,750,22515008,RECIRCULATING TOWER,GAS STEAM,-nr-,-nr-,0.05,0.04,0.03,0.1,0.04,0.04,"21,297"
469,Cherokee,Adams,CO,South Platte River,39.80727005,-104.9650559,5140,229709,RECIRCULATING TOWER,COMPLEX,SW,FR,5,3.57,3.15,9.41,3.42,3.99,"3,192,480"
470,Comanche (CO),Pueblo,CO,Arkansas River,38.2081363,-104.5757024,4830,951449,COMPLEX,COAL,SW,FR,8.33,5.95,0,13.18,0,6.61,"8,636,016"
477,Valmont,Boulder,CO,South Boulder Creek,40.01921473,-105.2013762,5240,2889816,RECIRCULATING POND,COAL,SW,FR,0.73,0.73,0.57,0.89,0.57,0.89,"1,057,147"
492,Martin Drake,El Paso,CO,Municipality,38.82503095,-104.8323201,5960,1529727,RECIRCULATING TOWER,COAL,PD,BE,2.93,2.1,1.85,5.51,2.01,2.34,"1,387,318"
493,George Birdsall,El Paso,CO,Municipality,38.88136924,-104.8172158,6175,1529685,RECIRCULATING TOWER,GAS STEAM,-nr-,-nr-,0.01,0.01,0,0.01,0.01,0.01,"2,549"
525,Hayden,Routt,CO,Yampa River,40.48695498,-107.1854164,6520,120299630,RECIRCULATING TOWER,COAL,SW,FR,5.44,3.88,3.43,10.1,3.72,4.27,"2,877,284"
527,Nucla,Montrose,CO,San Miguel River,38.23846312,-108.5080871,5580,18375940,RECIRCULATING TOWER,COAL,SW,FR,1.03,0.73,0.65,1.94,0.7,0.82,"416,150"
533,McWilliams,Covington,AL,Conecuh River,31.40091791,-86.47916301,197,2378841,RECIRCULATING TOWER,NGCC,-nr-,-nr-,3.49,2.5,2.29,6.14,2.48,2.6,"4,001,221"
546,Montville Station,New London,CT,Thames River,41.4278778,-72.10096198,0,6171772,ONCE-THROUGH SALINE,OIL,SW,SA,1.77,0,1.47,3.68,0,0,"13,241"
550,Kettle Falls Generating Station,Stevens,WA,Wells,48.62032544,-118.1105825,1442,23031458,RECIRCULATING TOWER,BIOMASS,GW,-nr-,0.77,0.55,0.49,1.43,0.53,0.61,"320,517"
562,Middletown,Middlesex,CT,Connecticut River,41.55492973,-72.57927478,20,7701182,COMPLEX,OIL,SW,FR,36.9,0.51,0.02,289,0.38,0.57,"422,774"
564,Stanton Energy Center,Orange,FL,Eastern Water Reclaimation Fac,28.48246916,-81.1665117,80,11009165,RECIRCULATING TOWER,NGCC,PD,BE,9.36,6.69,6.14,16.4,6.65,6.97,"5,199,413"
566,Millstone,New London,CT,Long Island Sound,41.31145417,-72.16790097,0,6170916,ONCE-THROUGH SALINE,NUCLEAR,SW,SA,1810,0,1530,3830,0,0,"17,410,917"
568,Bridgeport Station,Fairfield,CT,Bridgeport Harbor,41.17140761,-73.18400417,0,7734269,ONCE-THROUGH SALINE,COAL,SW,SA,54.9,0,48.6,121,0,0,"601,853"
589,J C McNeil,Chittenden,VT,Wells,44.49310505,-73.20840941,115,4578832,RECIRCULATING TOWER,BIOMASS,GW,-nr-,0.66,0.47,0.42,1.21,0.45,0.51,"290,370"
593,Edge Moor,New Castle,DE,Delaware River,39.73828156,-75.50349563,10,24902756,ONCE-THROUGH SALINE,GAS STEAM,SW,SA,66.6,0,54.3,136,0,0,"585,646"
594,Indian River Generating Station,Sussex,DE,Indian River,38.58535191,-75.23500794,10,8409147,RECIRCULATING TOWER,COAL,SW,SA,1.28,0.91,0.8,2.31,0.87,0.98,"602,337"
599,McKee Run,Kent,DE,Municipality,39.17465564,-75.54489893,40,8075732,RECIRCULATING TOWER,GAS STEAM,GW,FR,0.03,0.02,0.02,0.06,0.02,0.02,"11,557"
602,Brandon Shores,Anne Arundel,MD,Patapsco River,39.18093561,-76.53864143,20,11690244,RECIRCULATING TOWER,COAL,SW,SA,10.3,7.35,6.58,18.4,7.13,7.82,"4,962,679"
609,Cape Canaveral,Brevard,FL,Indian River,28.46893995,-80.76428993,0,16699891,ONCE-THROUGH SALINE,NGCC,SW,SA,208,0,164,411,0,0,"7,046,079"
612,Fort Myers,Lee,FL,Caloosahatchee River,26.6976533,-81.78187763,0,10247759,ONCE-THROUGH SALINE,NGCC,SW,SA,290,0,229,572,0,0,"7,777,313"
613,Lauderdale,Broward,FL,Dania Cut-Off Canal,26.06868674,-80.19836655,0,79368,ONCE-THROUGH SALINE,NGCC,SW,SA,232,0,181,452,0,0,"4,382,884"
619,Riviera,Palm Beach,FL,Lake Worth,26.7653,-80.0525,6,,ONCE-THROUGH SALINE,NGCC,SW,SA,212,0,167,417,0,0,"6,979,871"
620,Sanford,Volusia,FL,St. Johns River,28.84224821,-81.32532209,15,11033091,RECIRCULATING POND,NGCC,SW,FR,5.07,5.07,4.1,6.04,4.1,6.04,"9,021,219"
621,Turkey Point,Miami Dade,FL,Biscayne Bay,25.43493305,-80.33092603,4,90516,COMPLEX,COMPLEX,SW,SA,37.9,3.94,3.61,236,0,4.11,"20,337,856"
628,Crystal River,Citrus,FL,Gulf of Mexico,28.9658123,-82.69808632,2,16928218,COMPLEX,COAL,SW,SA,254,10.6,9.72,473,0,11,"9,744,872"
634,P L Bartow,Pinellas,FL,Tampa Bay,27.86145793,-82.60089363,0,16919460,ONCE-THROUGH SALINE,NGCC,SW,SA,292,0,230,576,0,0,"7,088,517"
638,Suwannee River,Suwannee,FL,Suwannee River,30.3763512,-83.18077597,60,2230475,ONCE-THROUGH FRESH,GAS STEAM,SW,FR,49.4,0.68,22.2,389,0.53,0.83,"485,040"
641,Crist,Escambia,FL,Escambia River,30.56568631,-87.22464381,25,450574,COMPLEX,COAL,SW,SA,15.5,3.82,6.16,163,0.22,4.04,"2,476,429"
642,Scholz,Jackson,FL,Apalachicola River,30.66923562,-84.88701064,89,902800005,ONCE-THROUGH FRESH,COAL,SW,FR,3.16,0.04,1.42,24.6,0.03,0.05,"26,903"
643,Lansing Smith,Bay,FL,North Bay,30.26869291,-85.70006446,8,2178625,COMPLEX,COMPLEX,SW,SA,44,2.07,1.9,83.4,0,2.16,"4,016,583"
645,Big Bend,Hillsborough,FL,Tampa Bay,27.79465431,-82.40321663,0,16919198,ONCE-THROUGH SALINE,COAL,SW,SA,720,0,565,1410,0,0,"7,539,819"
649,Vogtle,Burke,GA,Savannah River,33.14209065,-81.75949013,210,22730673,RECIRCULATING TOWER,NUCLEAR,SW,FR,45.2,32.3,29.4,80,31.9,33.9,"19,341,208"
663,Deerhaven Generating Station,Alachua,FL,Wells in Floridan Aquifer,29.75881848,-82.38784463,190,2161866,RECIRCULATING TOWER,GAS STEAM,GW,FR,2.06,1.47,1.35,3.63,1.47,1.54,"890,436"
664,John R Kelly,Alachua,FL,Wells,29.64591044,-82.32175307,148,902340042,RECIRCULATING TOWER,NGCC,GW,FR,0.64,0.46,0.42,1.12,0.45,0.47,"516,881"
667,Northside Generating Station,Duval,FL,St. Johns River,30.41721005,-81.5519913,0,16659871,ONCE-THROUGH SALINE,COMPLEX,SW,SA,360,0,284,711,0,0,"3,787,424"
673,Tom G Smith,Palm Beach,FL,Municipality,26.61339013,-80.06759405,24,68246,RECIRCULATING TOWER,COMPLEX,-nr-,-nr-,0.02,0.01,0.01,0.03,0.01,0.01,"5,925"
675,Larsen Memorial,Polk,FL,Lake Parker,28.04957993,-81.92304396,133,16794835,ONCE-THROUGH FRESH,NGCC,SW,FR,0.46,0.01,0.21,3.37,0,0.01,"2,589"
676,C D McIntosh Jr,Polk,FL,Municipality,28.07989544,-81.92344695,140,16794835,RECIRCULATING TOWER,COMPLEX,PD,BE,5.02,3.59,3.29,8.85,3.57,3.75,"3,478,615"
688,Arvah B Hopkins,Leon,FL,Wells,30.45226503,-84.39959386,130,10364936,RECIRCULATING TOWER,COMPLEX,GW,FR,1.47,1.05,0.96,2.6,1.04,1.1,"1,243,148"
689,S O Purdom,Wakulla,FL,St. Marks River,30.162743,-84.199391,4,10319920,RECIRCULATING TOWER,NGCC,SW,FR,1.21,0.86,0.79,2.13,0.86,0.9,"1,327,155"
693,Vero Beach Municipal Power Plant,Indian River,FL,Indian River,27.63324587,-80.37749977,0,20119434,COMPLEX,COMPLEX,SW,SA,1.19,0,0,2.34,0,0,"16,237"
703,Bowen,Bartow,GA,Etowah River,34.12471676,-84.92141783,720,6497880,RECIRCULATING TOWER,COAL,SW,FR,22.8,16.3,14.8,40.3,16,17.1,"12,851,943"
708,Hammond,Floyd,GA,Coosa River,34.25249625,-85.34548933,590,15821397,ONCE-THROUGH FRESH,COAL,SW,FR,97.8,1.27,43.9,766,0.99,1.55,"1,157,290"
709,Harllee Branch,Putnam,GA,Lake Sinclair,33.1947653,-83.29784707,360,1057719,ONCE-THROUGH FRESH,COAL,SW,FR,66.8,0.68,30.4,498,0.53,0.83,"770,932"
710,Jack McDonough,Cobb,GA,Chattahoochee River,33.82454239,-84.47491222,810,3286334,RECIRCULATING TOWER,NGCC,SW,FR,12.1,8.66,7.86,21.4,8.52,9.05,"17,848,983"
715,McManus,Glynn,GA,Turtle River,31.2135812,-81.54636152,0,9903689,ONCE-THROUGH SALINE,OIL,SW,SA,0.1,0,0.08,0.21,0,0,-192
727,Mitchell (GA),Dougherty,GA,Flint River,31.44424558,-84.13499548,180,902770057,ONCE-THROUGH FRESH,COAL,SW,FR,4.31,0.04,1.94,33.4,0.03,0.05,"46,213"
728,Yates,Coweta,GA,Chattahoochee River,33.46207142,-84.8981769,750,3288658,RECIRCULATING TOWER,COMPLEX,SW,FR,1.11,0.79,0.72,1.96,0.78,0.83,"507,530"
733,Kraft,Chatham,GA,Savannah River,32.1490746,-81.14544286,0,20107245,ONCE-THROUGH SALINE,COMPLEX,SW,SA,50.9,0,41.4,103,0,0,"465,715"
753,Crisp Plant,Worth,GA,Lake Blackshear,31.84485605,-83.94061986,241,6445746,ONCE-THROUGH FRESH,COMPLEX,SW,-nr-,0.07,0,0.03,0.51,0,0,253
765,Kahe,Honolulu,HI,Pacific Ocean,21.35632336,-158.1289524,0,21576449,ONCE-THROUGH SALINE,OIL,SW,SA,238,0,187,468,0,0,"2,493,264"
766,Waiau,Honolulu,HI,Pearl Harbor,21.38858,-157.9608116,0,21578337,ONCE-THROUGH SALINE,OIL,SW,SA,119,0,93.6,234,0,0,"1,175,350"
772,W H Hill,Hawaii,HI,Wells,19.70403706,-155.0607917,56,21599641,RECIRCULATING TOWER,OIL,GW,FR,0.53,0.38,0.35,0.94,0.37,0.4,"177,449"
856,E D Edwards,Peoria,IL,Illinois River,40.59523665,-89.66268669,450,13606204,ONCE-THROUGH FRESH,COMPLEX,SW,FR,250,2.95,112,1950,2.3,3.59,"2,959,878"
861,Coffeen,Montgomery,IL,McDavid Branch,39.05861798,-89.4034675,620,13882002,COMPLEX,COAL,SW,FR,287.35,6.32,5.7,3074.58,4.8,6.69,"4,528,904"
862,Grand Tower Energy Center LLC,Jackson,IL,Mississippi River,37.65768306,-89.51150561,363,5089970,ONCE-THROUGH FRESH,NGCC,SW,-nr-,4.52,0.07,2.03,35.6,0.05,0.08,"97,338"
869,Dresden Generating Station,Grundy,IL,Kankakee River,41.38980544,-88.26783304,520,14780096,COMPLEX,NUCLEAR,SW,FR,1490,24.2,22.4,13000,19.3,26.5,"15,188,358"
874,Joliet 9,Will,IL,Desplaines River,41.49333266,-88.11560968,530,14788089,ONCE-THROUGH FRESH,COAL,SW,FR,110,1.32,49.4,855,1.03,1.62,"1,265,697"
876,Kincaid Generation LLC,Christian,IL,Sangchris Lake,39.59169259,-89.49648178,600,13565486,ONCE-THROUGH FRESH,COAL,SW,FR,462,5.12,210,3430,4,6.25,"5,057,931"
879,Powerton,Tazewell,IL,Illinois River,40.54125272,-89.67972213,460,13605832,RECIRCULATING POND,COAL,SW,FR,6.16,6.16,4.83,7.49,4.83,7.49,"5,584,776"
880,Quad Cities Generating Station,Rock Island,IL,Mississippi River,41.72638974,-90.3103764,600,14804379,ONCE-THROUGH FRESH,NUCLEAR,SW,FR,1540,18,693,12000,14,21.9,"15,562,151"
883,Waukegan,Lake,IL,Lake Michigan,42.38269046,-87.81409269,580,12170763,ONCE-THROUGH FRESH,COAL,SW,FR,168,1.62,76.6,1260,1.26,1.97,"1,796,131"
884,Will County,Will,IL,Chicago Sanitary and Ship,41.63381061,-88.0625471,580,14787485,ONCE-THROUGH FRESH,COAL,SW,FR,199,2.15,89.5,1540,1.68,2.63,"2,794,123"
887,Joppa Steam,Massac,IL,Ohio River,37.20939127,-88.85882706,350,1839963,ONCE-THROUGH FRESH,COAL,SW,FR,401,4.96,180,3130,3.87,6.05,"4,881,045"
889,Baldwin Energy Complex,Randolph,IL,"Baldwin Lake, Kaskaskia River",38.2045268,-89.85567919,430,13891984,RECIRCULATING POND,COAL,SW,FR,14.5,14.5,12.3,16.7,12.3,16.7,"10,305,807"
891,Havana,Mason,IL,Illinois River,40.28043509,-90.079739,460,13608610,RECIRCULATING TOWER,COAL,SW,FR,3.79,2.71,2.42,6.76,2.62,2.86,"1,880,003"
892,Hennepin Power Station,Putnam,IL,Illinois River,41.3030814,-89.31529142,460,14837739,ONCE-THROUGH FRESH,COAL,SW,FR,126,1.47,56.6,979,1.14,1.79,"1,542,905"
898,Wood River,Madison,IL,Mississippi River,38.86364034,-90.1341624,440,879884,ONCE-THROUGH FRESH,COAL,SW,FR,182,2.17,81.8,1420,1.69,2.65,"2,219,933"
963,Dallman,Sangamon,IL,Lake Springfield,39.75456265,-89.60152252,580,13565430,COMPLEX,COAL,SW,FR,116,2.4,1.07,851,0.95,2.82,"1,928,627"
972,Winnetka,Cook,IL,Municipality,42.11578288,-87.73115395,575,12170793,ONCE-THROUGH FRESH,GAS STEAM,SW,-nr-,0.34,0,0.15,2.54,0,0,"1,841"
976,Marion,Williamson,IL,Lake Egypt,37.61988442,-88.9533224,510,10147935,ONCE-THROUGH FRESH,COMPLEX,SW,FR,183,1.86,83.4,1360,1.45,2.27,"1,793,449"
983,Clifty Creek,Jefferson,IN,Ohio River,38.73790294,-85.41989346,460,10161916,ONCE-THROUGH FRESH,COAL,SW,FR,424,5.13,190,3300,4,6.25,"5,225,154"
988,Tanners Creek,Dearborn,IN,Ohio River,39.081249,-84.85969924,490,3406123,ONCE-THROUGH FRESH,COMPLEX,SW,FR,86.7,0.82,39.1,669,0.64,1,"1,059,577"
990,Harding Street,Marion,IN,West fork of White River,39.71114259,-86.19740062,680,18476493,COMPLEX,COAL,SW,FR,49.6,3.62,5.08,415,0.49,4.07,"2,992,958"
991,Eagle Valley,Morgan,IN,West fork of White River,39.48520267,-86.4185136,620,18477247,COMPLEX,COAL,SW,FR,14.7,0.28,0.32,174,0.19,0.38,"229,494"
992,CC Perry K,Marion,IN,"W. Fork, White River",39.762047,-86.172749,706,18476879,RECIRCULATING TOWER,GAS STEAM,SW,FR,1.07,0.76,0.68,1.93,0.74,0.82,"7,784"
994,AES Petersburg,Pike,IN,White River,38.52801539,-87.25264337,440,18471122,COMPLEX,COAL,SW,FR,323,10.6,6,2450,3.01,12.5,"8,966,852"
995,Bailly,Porter,IN,Lake Michigan,41.64380323,-87.12263576,620,3398586,ONCE-THROUGH FRESH,COAL,SW,FR,148,1.47,67.4,1110,1.15,1.8,"1,441,562"
997,Michigan City,LaPorte,IN,Lake Michigan,41.72146252,-86.91027419,600,3397270,RECIRCULATING TOWER,COAL,SW,FR,3.05,2.18,1.95,5.42,2.11,2.3,"1,650,341"
1001,Cayuga,Vermillion,IN,Wabash River,39.9237455,-87.42691685,510,10209979,ONCE-THROUGH FRESH,COAL,SW,FR,379,4.59,170,2960,3.58,5.6,"4,984,247"
1007,Noblesville,Hamilton,IN,White River,40.09706945,-85.97131485,790,18474971,RECIRCULATING TOWER,NGCC,SW,FR,0.8,0.57,0.51,1.43,0.55,0.61,"795,332"
1008,R Gallagher,Floyd,IN,Ohio River,38.2631293,-85.83846408,460,10164012,ONCE-THROUGH FRESH,COAL,SW,FR,48.4,0.6,21.7,378,0.47,0.74,"508,325"
1010,Wabash River,Vigo,IN,Wabash River,39.52810589,-87.42323405,490,10283906,ONCE-THROUGH FRESH,COAL,SW,FR,171,2.04,76.9,1330,1.59,2.49,"2,093,626"
1012,F B Culley,Warrick,IN,Ohio River,37.90943031,-87.32506962,390,10110269,ONCE-THROUGH FRESH,COAL,SW,FR,114,1.38,51,886,1.07,1.68,"1,408,704"
1016,Butler-Warner Generation Plant,Cumberland,NC,City Water,35.09805802,-78.82972099,93,8846557,RECIRCULATING TOWER,COMPLEX,-nr-,-nr-,0.04,0.03,0.03,0.08,0.03,0.03,"17,984"
1032,Logansport,Cass,IN,Eel River,40.75867535,-86.36041756,606,18500128,ONCE-THROUGH FRESH,COAL,SW,-nr-,18,0.2,8.09,140,0.16,0.25,"121,390"
1040,Whitewater Valley,Wayne,IN,East Fork Of Whitewater River,39.80295021,-84.89519421,994,3922369,RECIRCULATING TOWER,COAL,SW,-nr-,0.13,0.09,0.08,0.23,0.09,0.1,"53,291"
1043,Frank E Ratts,Pike,IN,White River,38.5202441,-87.26633836,437,18472136,COMPLEX,COAL,SW,FR,7.09,0.07,0.09,63.8,0.05,0.12,"85,018"
1047,Lansing,Allamakee,IA,Mississippi River,43.33598548,-91.16650502,640,13210258,ONCE-THROUGH FRESH,COAL,SW,FR,80.9,0.91,36.4,629,0.71,1.11,"860,420"
1048,Milton L Kapp,Clinton,IA,Mississippi River,41.80812385,-90.23376561,590,14804357,ONCE-THROUGH FRESH,COAL,SW,FR,24.9,0.21,11.3,191,0.16,0.25,"279,515"
1060,Duane Arnold Energy Center,Linn,IA,Cedar River,42.10070759,-91.77758458,750,22473949,RECIRCULATING TOWER,NUCLEAR,SW,FR,11.3,8.09,7.22,19.9,7.83,8.43,"5,243,446"
1073,Prairie Creek,Linn,IA,Cedar River,41.943206,-91.640681,720,22477477,ONCE-THROUGH FRESH,COAL,SW,FR,23.7,0.27,10.6,184,0.21,0.33,"308,279"
1077,Sutherland,Marshall,IA,Wells,42.04726818,-92.85969593,860,17538959,RECIRCULATING TOWER,GAS STEAM,GW,FR,0.29,0.21,0.19,0.51,0.2,0.22,"105,559"
1081,Riverside,Scott,IA,Mississippi River,41.54,-90.44805556,570,14804493,ONCE-THROUGH FRESH,COMPLEX,SW,FR,15,0.13,6.77,115,0.1,0.16,"179,201"
1082,Walter Scott Jr Energy Center,Pottawattamie,IA,"Missouri River, Wells",41.17996834,-95.83949392,970,17219106,COMPLEX,COAL,SW,FR,290,9.7,5.69,2190,2.63,11.4,"9,586,255"
1091,George Neal North,Woodbury,IA,Missouri River,42.324899,-96.37954084,1080,17244416,ONCE-THROUGH FRESH,COAL,SW,FR,199,2.37,89.3,1550,1.85,2.9,"2,526,066"
1104,Burlington (IA),Des Moines,IA,Mississippi River,40.74113623,-91.11713145,530,6966239,ONCE-THROUGH FRESH,COAL,SW,FR,84,0.98,37.8,653,0.76,1.19,"1,081,826"
1122,Ames Electric Services Power Plant,Story,IA,Wells - Ames Alluvial Aquifer,42.02525553,-93.60824624,920,6979020,RECIRCULATING TOWER,COMPLEX,GW,FR,0.57,0.41,0.37,1.02,0.4,0.43,"250,729"
1131,Streeter Station,Black Hawk,IA,Wells,42.52711194,-92.43966007,854,22471913,COMPLEX,COMPLEX,GW,FR,0,0,0,0.01,0,0.01,"2,200"
1167,Muscatine Plant #1,Muscatine,IA,Mississippi River,41.38962922,-91.05751045,550,14806993,ONCE-THROUGH FRESH,COAL,SW,FR,71.4,0.84,32.1,556,0.65,1.02,"871,537"
1206,Summit Lake,Union,IA,Green Valley Lake,41.11324678,-94.34693733,1334,5135921,RECIRCULATING TOWER,NGCC,SW,FR,0.01,0.01,0.01,0.03,0.01,0.01,"6,438"
1217,Earl F Wisdom,Clay,IA,Wells,43.16041127,-95.25702097,1342,14620452,RECIRCULATING TOWER,GAS STEAM,GW,-nr-,0.01,0,0,0.01,0,0,234
1230,Cimarron River,Seward,KS,Wells,37.15897786,-100.7631456,2605,21097713,RECIRCULATING TOWER,GAS STEAM,GW,-nr-,0,0,0,0,0,0,660
1233,Fort Dodge,Ford,KS,Wells,37.73322096,-99.95005314,2460,22083263,RECIRCULATING TOWER,GAS STEAM,GW,FR,0.17,0.12,0.11,0.31,0.12,0.13,"67,228"
1240,Gordon Evans Energy Center,Sedgwick,KS,Wells,37.79065819,-97.52157903,1380,21164735,RECIRCULATING TOWER,GAS STEAM,GW,FR,0.63,0.45,0.41,1.12,0.44,0.48,"210,872"
1241,La Cygne,Linn,KS,Lacygne Lake,38.34810343,-94.64469724,850,2998084,ONCE-THROUGH FRESH,COAL,SW,FR,266,2.93,121,1970,2.28,3.57,"6,981,232"
1242,Murray Gill,Sedgwick,KS,Wells,37.59540709,-97.41428318,1300,21165093,RECIRCULATING TOWER,GAS STEAM,GW,FR,0.16,0.11,0.1,0.28,0.11,0.12,"35,273"
1248,Hutchinson Energy Center,Reno,KS,Wells,38.09139615,-97.87239068,1600,21187581,RECIRCULATING TOWER,GAS STEAM,GW,FR,0.11,0.08,0.07,0.2,0.08,0.08,"24,057"
1250,Lawrence Energy Center,Douglas,KS,Kansas River,39.00782825,-95.26947558,840,3729567,RECIRCULATING TOWER,COAL,SW,FR,4.58,3.27,2.95,8.17,3.2,3.46,"2,382,764"
1252,Tecumseh Energy Center,Shawnee,KS,Kansas River,39.05399517,-95.56868117,880,3646866,RECIRCULATING TOWER,COAL,SW,FR,2.02,1.44,1.3,3.58,1.41,1.52,"1,014,583"
1271,Coffeyville,Montgomery,KS,Municipality,37.03752417,-95.61239815,733,21797429,RECIRCULATING TOWER,GAS STEAM,-nr-,-nr-,0.05,0.04,0.03,0.09,0.04,0.04,"19,909"
1295,Quindaro,Wyandotte,KS,Missouri River,39.15105571,-94.63717154,760,2255479,ONCE-THROUGH FRESH,COAL,SW,FR,31.7,0.29,14.3,245,0.23,0.36,"316,263"
1317,Pratt,Pratt,KS,Municipality,37.63705561,-98.74317676,1870,21149394,RECIRCULATING TOWER,GAS STEAM,-nr-,-nr-,0,0,0,0,0,0,986
1330,Wellington 1,Sumner,KS,Municipality,37.26112677,-97.40533499,1213,21166211,RECIRCULATING TOWER,GAS STEAM,-nr-,-nr-,0,0,0,0,0,0,882
1336,Garden City,Finney,KS,Wells,37.97021158,-100.8953557,2800,21251490,RECIRCULATING TOWER,GAS STEAM,GW,FR,0.19,0.14,0.12,0.35,0.13,0.15,"81,544"
1353,Big Sandy,Lawrence,KY,Big Sandy River,38.17126086,-82.61781536,570,909015,RECIRCULATING TOWER,COAL,SW,FR,4.58,3.27,2.9,8.22,3.14,3.48,"3,132,143"
1355,E W Brown,Mercer,KY,Herrington Lake,37.78810693,-84.71295116,900,1827810,RECIRCULATING TOWER,COAL,SW,FR,4.39,3.14,2.83,7.83,3.07,3.32,"2,032,750"
1356,Ghent,Carroll,KY,Ohio River,38.74865279,-85.03699319,490,3408285,RECIRCULATING TOWER,COAL,SW,FR,21.6,15.4,13.9,38,15.1,16.1,"11,367,897"
1357,Green River,Muhlenberg,KY,Green River,37.36347825,-87.1216639,410,11630665,ONCE-THROUGH FRESH,COAL,SW,FR,61.6,0.74,27.7,480,0.58,0.91,"656,724"
1363,Cane Run,Jefferson,KY,Ohio River,38.18332519,-85.88896702,460,10163768,COMPLEX,COMPLEX,SW,FR,69.2,1.84,1.07,523,0.52,2.15,"3,322,004"
1364,Mill Creek (KY),Jefferson,KY,Ohio River,38.05264923,-85.91078976,460,10164038,COMPLEX,COAL,SW,FR,126,10.1,7.87,885,1.08,11.8,"7,935,224"
1374,Elmer Smith,Daviess,KY,Ohio River,37.79433601,-87.06061159,410,10110377,ONCE-THROUGH FRESH,COAL,SW,FR,196,2.38,88.3,1530,1.86,2.9,"2,300,225"
1378,Paradise,Muhlenberg,KY,Green River,37.25805149,-86.9796837,420,11627767,COMPLEX,COAL,SW,FR,828,12,14.5,7170,8.99,16.8,"12,008,149"
1379,Shawnee,McCracken,KY,Ohio River,37.15205671,-88.77745974,350,1840007,ONCE-THROUGH FRESH,COAL,SW,FR,520,6.55,233,4060,5.11,7.99,"6,141,807"
1382,HMP&L Station Two Henderson,Henderson,KY,Green River,37.64679722,-87.50291789,400,11617335,RECIRCULATING TOWER,COAL,SW,FR,2.82,2.01,1.82,5.03,1.97,2.13,"1,488,285"
1384,Cooper,Pulaski,KY,Lake Cumberland,36.99821006,-84.59198724,810,3575676,COMPLEX,COAL,SW,FR,45.7,0.64,0.41,324,0.39,0.78,"524,509"
1385,Dale,Clark,KY,Kentucky River,37.88063872,-84.26210904,610,1827714,ONCE-THROUGH FRESH,COAL,SW,FR,5,0.04,2.26,38.5,0.03,0.05,"48,329"
1393,R S Nelson,Calcasieu,LA,Sabine River Authority Canal,30.28444444,-93.29111111,20,15075546,RECIRCULATING TOWER,COMPLEX,SW,FR,9.76,6.97,6.37,17.2,6.91,7.3,"4,035,700"
1394,Willow Glen,Iberville,LA,Mississippi River,30.27371908,-91.11619424,20,18991336,ONCE-THROUGH FRESH,GAS STEAM,SW,FR,21.2,0.35,9.49,168,0.27,0.42,"280,355"
1396,Coughlin Power Station,Evangeline,LA,Bayou Cocodrie,30.84419796,-92.26186088,50,15148344,ONCE-THROUGH FRESH,NGCC,SW,FR,129,1.51,58.9,942,1.18,1.84,"3,045,812"
1400,Teche,St Mary,LA,Charenton Canal,29.8229007,-91.54298038,10,25386875,COMPLEX,GAS STEAM,SW,FR,8.29,0.13,0.15,72,0.1,0.17,"89,262"
1402,Little Gypsy,St Charles,LA,Mississippi River,30.00506986,-90.46159918,10,15207453,ONCE-THROUGH FRESH,GAS STEAM,SW,FR,133,1.84,59.6,1040,1.44,2.25,"1,765,874"
1403,Nine Mile Point,Jefferson,LA,Mississippi River,29.94797125,-90.1476866,10,22406577,ONCE-THROUGH FRESH,COMPLEX,SW,FR,471,6.75,211,3700,5.26,8.23,"8,828,457"
1409,Michoud,Orleans,LA,The Inner Costal Water Way,30.00802585,-89.9373604,0,22764486,ONCE-THROUGH SALINE,GAS STEAM,SW,SA,158,0,127,318,0,0,"1,741,896"
1416,Arsenal Hill,Caddo,LA,Arsenal Hill Cooling Pond,32.51823691,-93.76199297,180,1136362,COMPLEX,GAS STEAM,PD,BE,0.06,0.04,0.05,0.07,0.02,0.06,"27,400"
1417,Lieberman,Caddo,LA,Caddo Lake,32.70456479,-93.96095498,190,1016771,ONCE-THROUGH FRESH,GAS STEAM,SW,FR,5.14,0.06,2.35,37.6,0.05,0.07,"49,841"
1439,Houma,Terrebonne,LA,Municipality,29.58040415,-90.72185677,8,11059287,RECIRCULATING TOWER,GAS STEAM,-nr-,-nr-,0.13,0.09,0.08,0.22,0.09,0.09,"42,698"
1447,Minden,Webster,LA,Municipality Well Water,32.60456,-93.294392,185,19935605,RECIRCULATING TOWER,GAS STEAM,-nr-,-nr-,0,0,0,0,0,0,184
1449,Morgan City,St Mary,LA,Municipality,29.69155903,-91.18852825,7,11065407,RECIRCULATING TOWER,GAS STEAM,-nr-,-nr-,0.01,0.01,0.01,0.02,0.01,0.01,"3,032"
1455,Plaquemine,Iberville,LA,Municipality,30.27351892,-91.25664342,20,18718048,RECIRCULATING TOWER,GAS STEAM,-nr-,-nr-,0,0,0,0,0,0,378
1464,Big Cajun 1,Pointe Coupee,LA,Wells,30.67275176,-91.35472771,30,18714786,RECIRCULATING TOWER,GAS STEAM,GW,FR,0.01,0.01,0.01,0.03,0.01,0.01,"6,094"
1507,William F Wyman,Cumberland,ME,Casco River,43.75090288,-70.15657218,0,-999,ONCE-THROUGH SALINE,OIL,SW,SA,43,0,38.1,95.2,0,0,"485,689"
1552,"CP Crane Power, LLC",Baltimore,MD,Seneca Creek,39.32373283,-76.3650827,0,11690452,ONCE-THROUGH SALINE,COAL,SW,SA,47.2,0,39.7,99.2,0,0,"402,573"
1553,Gould Street,Baltimore City,MD,Patapsco River,39.266134,-76.60376957,0,11690184,ONCE-THROUGH SALINE,GAS STEAM,SW,SA,2.55,0,2.03,5.08,0,0,"20,493"
1554,Herbert A Wagner,Anne Arundel,MD,Patapsco River,39.17827242,-76.52670722,0,11690522,ONCE-THROUGH SALINE,COMPLEX,SW,SA,138,0,115,286,0,0,"1,457,693"
1564,Vienna Operations,Dorchester,MD,Nanticoke River,38.48737458,-75.8205781,10,8394050,RECIRCULATING TOWER,OIL,SW,SA,0.03,0.02,0.02,0.06,0.02,0.02,"9,965"
1571,Chalk Point LLC,Prince Georges,MD,Patuxent River,38.54391333,-76.68781657,10,11908782,COMPLEX,COMPLEX,SW,SA,134,1.36,1.23,274,0,1.43,"2,080,046"
1572,Dickerson,Montgomery,MD,Potomac River,39.20982081,-77.46447226,260,4507388,ONCE-THROUGH FRESH,COAL,SW,FR,50.7,0.55,22.8,393,0.43,0.67,"518,992"
1573,Morgantown Generating Plant,Charles,MD,Potomac River,38.35953638,-76.97629921,0,4532017,ONCE-THROUGH SALINE,COAL,SW,SA,388,0,322,805,0,0,"4,238,250"
1588,Mystic Generating Station,Middlesex,MA,Mystic River,42.39037784,-71.06751833,0,5867683,ONCE-THROUGH SALINE,COMPLEX,SW,SA,21.9,0,0,48.3,0,0,"2,944,576"
1590,Pilgrim Nuclear Power Station,Plymouth,MA,Atlantic Ocean,41.94477358,-70.57909666,0,5879209,ONCE-THROUGH SALINE,NUCLEAR,SW,SA,511,0,434,1090,0,0,"4,994,806"
1595,Kendall Square Station,Middlesex,MA,Charles River,42.364005,-71.080651,11,5867717,RECIRCULATING TOWER,NGCC,SW,-nr-,1.69,1.21,1.09,3.06,1.18,1.3,"1,522,473"
1599,Canal,Barnstable,MA,Cape Cod Canal,41.77050488,-70.50923396,0,5879295,ONCE-THROUGH SALINE,OIL,SW,SA,26.7,0,23.1,57.8,0,0,"261,620"
1619,Brayton Point,Bristol,MA,Mt Hope Bay,41.71141333,-71.19253854,0,6130319,RECIRCULATING TOWER,COAL,SW,SA,4.07,2.91,2.48,7.35,2.69,3.11,"2,485,516"
1642,Essential Power Massachusetts LLC,Hampden,MA,Connecticut River,42.09267593,-72.59238889,60,7698936,ONCE-THROUGH FRESH,GAS STEAM,SW,FR,1.2,0.02,0.54,9.44,0.01,0.02,"12,065"
1682,Cleary Flood,Bristol,MA,Taunton River,41.86526646,-71.10618241,10,6129897,COMPLEX,COMPLEX,SW,SA,0.43,0.2,0.18,1.58,0,0.21,"168,175"
1695,B C Cobb,Muskegon,MI,Muskegon Lake,43.25440599,-86.24160089,590,12135490,ONCE-THROUGH FRESH,COAL,SW,FR,162,1.59,73.5,1210,1.24,1.94,"1,825,199"
1702,Dan E Karn,Bay,MI,Saginaw River,43.64439365,-83.84119259,590,12928873,COMPLEX,COAL,SW,FR,152,1.85,79.1,1180,1.42,2.26,"1,991,000"
1710,J H Campbell,Ottawa,MI,"Lake Michigan, Pigeon Lake",42.91024385,-86.20287412,600,9017399,ONCE-THROUGH FRESH,COAL,SW,FR,753,7.08,342,5650,5.52,8.63,"8,749,914"
1715,Palisades,Van Buren,MI,Lake Michigan,42.3230637,-86.31468986,620,9019641,RECIRCULATING TOWER,NUCLEAR,SW,FR,13.8,9.84,8.69,24.5,9.43,10.4,"6,318,520"
1720,J C Weadock,Bay,MI,Saginaw River,43.64007362,-83.84525865,590,13203593,ONCE-THROUGH FRESH,COAL,SW,FR,151,1.68,68,1170,1.31,2.05,"1,933,534"
1723,J R Whiting,Monroe,MI,Lake Erie (North Maumee Bay),41.79197961,-83.44884985,580,25769231,ONCE-THROUGH FRESH,COAL,SW,FR,172,1.69,78.5,1290,1.32,2.06,"1,769,518"
1729,Fermi,Monroe,MI,Lake Erie,41.96295062,-83.25716372,570,25769213,RECIRCULATING TOWER,NUCLEAR,SW,FR,15.6,11.1,9.84,28.3,10.7,12,"7,330,546"
1733,Monroe (MI),Monroe,MI,Raisin River,41.89152304,-83.34580655,580,25769309,ONCE-THROUGH FRESH,COAL,SW,FR,1250,14.2,563,9730,11,17.3,"16,149,545"
1740,River Rouge,Wayne,MI,Detroit River,42.27349995,-83.1124366,580,10850250,ONCE-THROUGH FRESH,COMPLEX,SW,FR,160,1.72,71.9,1240,1.34,2.09,"1,806,150"
1743,St Clair,St Clair,MI,St Clair River,42.76318571,-82.47197937,580,13196020,ONCE-THROUGH FRESH,COAL,SW,FR,469,5,211,3640,3.9,6.11,"5,446,539"
1745,Trenton Channel,Wayne,MI,Trenton Channel,42.12218078,-83.18109532,580,10850286,ONCE-THROUGH FRESH,COAL,SW,FR,199,2.27,89.7,1550,1.77,2.77,"2,341,924"
1769,Presque Isle,Marquette,MI,Lake Superior,46.57910259,-87.39539098,610,12026638,ONCE-THROUGH FRESH,COAL,SW,FR,173,1.49,78.3,1300,1.16,1.81,"1,738,999"
1771,Escanaba,Delta,MI,Lake Michigan,45.77190669,-87.06497681,583,12015876,ONCE-THROUGH FRESH,COAL,SW,FR,0.87,0.01,0.39,6.65,0,0.01,"6,215"
1772,John H Warden,Baraga,MI,Lake Superior,46.75543544,-88.4556437,618,12027582,ONCE-THROUGH FRESH,BIOMASS,SW,FR,17.4,0.15,7.9,131,0.12,0.19,"117,788"
1825,J B Sims,Ottawa,MI,Grand River,43.07031554,-86.2340693,582,9005799,ONCE-THROUGH FRESH,COAL,SW,-nr-,20.9,0.24,9.41,162,0.18,0.29,"205,407"
1830,James De Young,Ottawa,MI,Lake Macatawa,42.79541226,-86.11335283,585,9017853,ONCE-THROUGH FRESH,COAL,SW,-nr-,11,0.1,5,82.8,0.08,0.12,"87,185"
1831,Eckert Station,Ingham,MI,Grand River,42.71849846,-84.55826573,830,12241730,COMPLEX,COAL,SW,FR,40.2,0.58,0.69,366,0.42,0.81,"500,876"
1832,Erickson Station,Eaton,MI,Grand River,42.69244389,-84.65761565,880,12241814,RECIRCULATING TOWER,COAL,SW,FR,1.65,1.18,1.04,2.96,1.13,1.25,"869,762"
1843,Shiras,Marquette,MI,Lake Superior,46.53066607,-87.39177588,586,12026644,ONCE-THROUGH FRESH,COAL,SW,-nr-,33,0.29,15,249,0.22,0.35,"252,511"
1866,Wyandotte,Wayne,MI,Detroit River,42.2082576,-83.14527536,577,10850258,ONCE-THROUGH FRESH,COMPLEX,SW,-nr-,14.4,0.15,6.48,111,0.11,0.18,"32,461"
1888,Fox Lake,Martin,MN,Fox Lake,43.67272821,-94.70757511,1238,2749138,ONCE-THROUGH FRESH,GAS STEAM,SW,-nr-,2.36,0.03,1.08,17.4,0.02,0.03,"19,924"
1891,Syl Laskin,St Louis,MN,Colby Lake,47.53034029,-92.16194647,1450,1767116,ONCE-THROUGH FRESH,COAL,SW,FR,10.2,0.08,4.6,77.3,0.06,0.1,"88,587"
1893,Clay Boswell,Itasca,MN,North Blackwater Lake,47.26073517,-93.65297961,1290,22326521,COMPLEX,COAL,SW,FR,95.6,7.83,6.1,643,0.64,8.83,"6,959,580"
1904,Black Dog,Dakota,MN,Minnesota River,44.81085191,-93.24969552,705,2387042,ONCE-THROUGH FRESH,COMPLEX,SW,FR,61.1,0.58,27.6,471,0.45,0.71,"1,252,890"
1912,High Bridge,Ramsey,MN,Mississippi River,44.93328319,-93.10788576,700,1104238,ONCE-THROUGH FRESH,NGCC,SW,FR,56.1,0.62,25.3,435,0.49,0.76,"1,938,829"
1915,Allen S King,Washington,MN,Lake St. Croix,45.03039264,-92.77888258,690,2649706,COMPLEX,COAL,SW,FR,210,1.99,2.67,1590,1.55,3.21,"3,030,017"
1922,Monticello Nuclear Facility,Wright,MN,Mississippi River,45.33352041,-93.84860709,930,2723123,COMPLEX,NUCLEAR,SW,FR,444,4.76,0,3440,3.71,8.09,"4,663,895"
1925,Prairie Island,Goodhue,MN,Mississippi River,44.62163529,-92.63321861,690,1875101,COMPLEX,NUCLEAR,SW,FR,665,8.24,10.2,5440,6.3,12.1,"7,374,711"
1926,Red Wing,Goodhue,MN,Mississippi,44.56913269,-92.51678416,668,1875235,ONCE-THROUGH FRESH,BIOMASS,SW,-nr-,20.9,0.24,9.4,163,0.19,0.3,"117,830"
1927,Riverside (MN),Hennepin,MN,Mississippi River,45.0208722,-93.27475351,830,1100714,ONCE-THROUGH FRESH,NGCC,SW,FR,80.8,0.89,36.4,627,0.7,1.09,"2,631,564"
1934,Wilmarth,Blue Earth,MN,Minnesota River,44.19668539,-94.00953679,760,4142890,ONCE-THROUGH FRESH,BIOMASS,SW,FR,19.3,0.22,8.69,150,0.17,0.27,"110,129"
1943,Hoot Lake,Otter Tail,MN,Otter Tail River,46.29047166,-96.04309102,1200,6657971,COMPLEX,COAL,SW,FR,2.88,0.34,0.31,187,0.18,0.38,"296,202"
1979,Hibbing,St Louis,MN,Wells,47.429658,-92.935317,1485,1769580,RECIRCULATING TOWER,COMPLEX,GW,-nr-,0.19,0.14,0.12,0.36,0.13,0.15,"141,665"
1980,Hutchinson Plant #1,McLeod,MN,Municipality,44.89600386,-94.36836821,1040,2354978,RECIRCULATING TOWER,NGCC,-nr-,-nr-,0.01,0.01,0.01,0.02,0.01,0.01,"7,979"
2001,New Ulm,Brown,MN,Municipality,44.315761,-94.458157,845,4142846,RECIRCULATING TOWER,GAS STEAM,-nr-,-nr-,0.01,0,0,0.01,0,0.01,"3,509"
2018,Virginia,St Louis,MN,Silver Lake,47.521882,-92.541644,1429,1767188,RECIRCULATING POND,COMPLEX,SW,-nr-,0.38,0.38,0.36,0.4,0.36,0.4,"118,090"
2022,Willmar,Kandiyohi,MN,Wells,45.121721,-95.053468,1132,2352232,RECIRCULATING TOWER,COMPLEX,GW,-nr-,0.04,0.03,0.03,0.08,0.03,0.03,"22,065"
2039,Elk River,Sherburne,MN,River,45.296729,-93.560841,851,2723195,ONCE-THROUGH FRESH,BIOMASS,SW,-nr-,26.2,0.3,11.8,204,0.24,0.37,"130,543"
2048,Sweatt,Lauderdale,MS,Wells,32.29341025,-88.74570144,283,18195333,RECIRCULATING TOWER,GAS STEAM,GW,-nr-,0.01,0,0,0.01,0,0,"1,068"
2049,Jack Watson,Harrison,MS,Biloxi River,30.43962653,-89.02638371,20,18076850,COMPLEX,GAS STEAM,SW,SA,59,1.61,1.47,115,0,1.68,"1,639,525"
2050,Baxter Wilson,Warren,MS,Mississippi River,32.28371485,-90.93010473,90,19266232,ONCE-THROUGH FRESH,GAS STEAM,SW,FR,10.7,0.16,4.8,84.7,0.13,0.2,"87,103"
2053,Rex Brown,Hinds,MS,Pearl River,32.35733408,-90.21259349,360,15756660,RECIRCULATING POND,GAS STEAM,SW,FR,0,0,0,0,0,0,"11,615"
2059,L L Wilkins,Coahoma,MS,Wells,34.18442698,-90.56244951,170,17951883,RECIRCULATING TOWER,NGCC,GW,-nr-,0,0,0,0,0,0,140
2062,Henderson,Leflore,MS,Municipality,33.51723327,-90.20920041,129,17990986,RECIRCULATING TOWER,GAS STEAM,-nr-,-nr-,0.02,0.01,0.01,0.03,0.01,0.01,"7,834"
2067,Yazoo,Yazoo,MS,Wells,32.84599076,-90.42081878,98,18000912,RECIRCULATING TOWER,NGCC,GW,-nr-,0,0,0,0,0,0,201
2070,Moselle,Jones,MS,Wells,31.52815073,-89.30024093,230,18155509,RECIRCULATING TOWER,COMPLEX,GW,FR,1.59,1.14,1.04,2.81,1.13,1.19,"1,484,716"
2076,Asbury,Jasper,MO,Wells,37.36141725,-94.5892739,950,7589885,COMPLEX,COAL,GW,FR,1.73,1.32,1.25,1.75,1.09,1.46,"1,079,076"
2079,Hawthorn,Jackson,MO,Missouri River,39.13035536,-94.47797035,740,4391195,ONCE-THROUGH FRESH,COMPLEX,SW,FR,267,3.16,120,2080,2.47,3.86,"3,548,626"
2080,Montrose,Henry,MO,Montrose Lake,38.31102243,-93.93476547,755,2333733,ONCE-THROUGH FRESH,COAL,SW,FR,147,1.54,67,1090,1.2,1.88,"1,420,063"
2094,Sibley,Jackson,MO,Missouri River,39.17834461,-94.18445244,720,4391311,ONCE-THROUGH FRESH,COAL,SW,FR,158,1.91,71.2,1230,1.49,2.33,"2,037,047"
2098,Lake Road (MO),Buchanan,MO,Missouri River,39.72492122,-94.8770955,820,2252949,ONCE-THROUGH FRESH,COAL,SW,FR,20.8,0.24,9.35,161,0.18,0.29,"213,482"
2103,Labadie,Franklin,MO,Missouri River,38.56221082,-90.83763663,500,6010272,ONCE-THROUGH FRESH,COAL,SW,FR,1160,13.9,520,9020,10.9,17,"16,042,082"
2104,Meramec,St Louis,MO,Mississippi River,38.40238198,-90.33573421,420,3629071,ONCE-THROUGH FRESH,COAL,SW,FR,158,1.98,71.1,1240,1.55,2.42,"2,119,428"
2107,Sioux,St Charles,MO,Mississippi River,38.91526231,-90.29077793,440,880570,ONCE-THROUGH FRESH,COAL,SW,FR,382,4.61,172,2980,3.59,5.62,"4,495,381"
2123,Columbia (MO),Boone,MO,Wells,38.96469056,-92.31685151,777,5161861,RECIRCULATING TOWER,COMPLEX,GW,-nr-,0.08,0.06,0.05,0.14,0.06,0.06,"24,558"
2132,Blue Valley,Jackson,MO,Wells,39.09208866,-94.32614744,780,4391187,RECIRCULATING TOWER,COAL,GW,FR,0.3,0.21,0.2,0.52,0.21,0.22,"96,737"
2144,Marshall (MO),Saline,MO,Municipality,39.12214153,-93.20691338,783,7498656,RECIRCULATING TOWER,COAL,-nr-,-nr-,0.01,0.01,0.01,0.02,0.01,0.01,"4,365"
2161,James River Power Station,Greene,MO,Lake Springfield,37.10843805,-93.25974864,1150,7608061,COMPLEX,COMPLEX,SW,FR,19.7,0.24,0.28,153,0.18,0.33,"201,976"
2167,New Madrid,New Madrid,MO,Mississippi River,36.51566833,-89.56280822,300,760280,ONCE-THROUGH FRESH,COAL,SW,FR,420,5.23,189,3280,4.08,6.38,"6,594,728"
2168,Thomas Hill,Randolph,MO,Thomas Hill Lake,39.55253145,-92.6386758,740,4461582,ONCE-THROUGH FRESH,COAL,SW,FR,609,6.41,278,4530,5,7.82,"7,672,769"
2171,Missouri City,Clay,MO,Missouri River,39.23157774,-94.30791406,708,4391111,ONCE-THROUGH FRESH,COAL,SW,-nr-,2.26,0.03,1.01,17.8,0.03,0.04,"15,749"
2187,J E Corette Plant,Yellowstone,MT,Yellowstone River,45.77570465,-108.4813495,3110,4342876,ONCE-THROUGH FRESH,COAL,SW,FR,13.6,0.13,6.15,105,0.1,0.15,"152,834"
2226,Canaday,Gosper,NE,Tri-County Supply Canal,40.6943063,-99.70133685,2370,7261147,ONCE-THROUGH FRESH,GAS STEAM,SW,FR,0.28,0,0.13,2.23,0,0.01,"4,124"
2240,Lon Wright,Dodge,NE,Wells,41.42772916,-96.46215654,1180,17264353,RECIRCULATING TOWER,COAL,GW,FR,1,0.72,0.65,1.79,0.7,0.76,"423,587"
2277,Sheldon,Lancaster,NE,Wells,40.55981636,-96.78435938,1440,17405987,RECIRCULATING TOWER,COAL,GW,FR,1.9,1.36,1.22,3.4,1.32,1.44,"969,633"
2289,Fort Calhoun,Washington,NE,Missouri River,41.52095659,-96.07691537,1000,17215844,ONCE-THROUGH FRESH,NUCLEAR,SW,FR,319,3.55,144,2480,2.77,4.33,"3,523,957"
2291,North Omaha,Douglas,NE,Missouri River,41.330049,-95.94586313,990,17219446,ONCE-THROUGH FRESH,COAL,SW,FR,257,3.08,116,2000,2.4,3.76,"3,095,082"
2322,Clark (NVE),Clark,NV,Municipality,36.087463,-115.0513812,1680,22070044,RECIRCULATING TOWER,NGCC,PD,BE,1.06,0.75,0.61,2.28,0.67,0.96,"602,429"
2324,Reid Gardner,Clark,NV,Wells/Muddy River,36.65614045,-114.6324919,1590,20624280,RECIRCULATING TOWER,COAL,SW,BE,1.17,0.83,0.68,2.5,0.74,1.06,"397,539"
2330,Fort Churchill,Lyon,NV,Wells,39.12807052,-119.1320527,4320,10736769,RECIRCULATING POND,GAS STEAM,GW,FR,0,0,0,0,0,0,"308,121"
2336,Tracy,Storey,NV,Wells,39.56329486,-119.5232795,4280,8932630,COMPLEX,COMPLEX,GW,FR,0.36,0.36,0,0.42,0.31,0.49,"3,302,041"
2364,Merrimack,Merrimack,NH,Merrimack River,43.14141429,-71.4688028,210,6742050,ONCE-THROUGH FRESH,COAL,SW,FR,70.8,0.55,32,543,0.43,0.67,"790,627"
2367,Schiller,Rockingham,NH,Piscataqua River,43.09749226,-70.78384169,0,5846414,ONCE-THROUGH SALINE,COMPLEX,SW,SA,56.7,0,48.8,122,0,0,"473,657"
2378,B L England,Cape May,NJ,Great Egg Harbor Bay,39.29052637,-74.63415843,5,9437021,COMPLEX,COMPLEX,SW,SA,14,0.01,0.01,29.6,0,0.02,"145,732"
2388,Oyster Creek,Ocean,NJ,Barnegat Bay,39.8143146,-74.20566453,0,9444843,ONCE-THROUGH SALINE,NUCLEAR,SW,SA,562,0,468,1170,0,0,"5,258,829"
2393,Gilbert,Hunterdon,NJ,Delaware River,40.56653062,-75.16123539,140,2588493,RECIRCULATING TOWER,NGCC,SW,FR,0.07,0.05,0.04,0.12,0.05,0.05,"28,749"
2398,Bergen Generating Station,Bergen,NJ,Bergen County Utility Authorit,40.83915271,-74.0246345,2,6254174,RECIRCULATING TOWER,NGCC,PD,BE,5.23,3.74,3.33,9.73,3.61,4.12,"5,713,380"
2403,PSEG Hudson Generating Station,Hudson,NJ,Hackensack River,40.7475514,-74.07237112,0,6251364,ONCE-THROUGH SALINE,COMPLEX,SW,SA,49.3,0,41.7,104,0,0,"345,421"
2406,PSEG Linden Generating Station,Union,NJ,Linden Roselle Sewage Authorit,40.62121599,-74.20703675,10,6261640,RECIRCULATING TOWER,NGCC,PD,BE,5.64,4.03,3.6,10.5,3.91,4.43,"7,532,792"
2408,PSEG Mercer Generating Station,Mercer,NJ,Delaware River,40.17885808,-74.73385199,10,4481763,ONCE-THROUGH FRESH,COMPLEX,SW,FR,29.3,0.24,13.2,225,0.19,0.29,"265,550"
2410,PSEG Salem Generating Station,Salem,NJ,Delaware River,39.46252062,-75.53489612,0,24903630,ONCE-THROUGH SALINE,NUCLEAR,SW,SA,1900,0,1580,3960,0,0,"18,593,574"
2411,PSEG Sewaren Generating Station,Middlesex,NJ,Arthur Kill River,40.55598668,-74.24655309,0,26432074,ONCE-THROUGH SALINE,GAS STEAM,SW,SA,1.96,0,1.59,3.97,0,0,"3,142"
2442,Four Corners,San Juan,NM,SAN JUAN RIVER/MORGAN LAKE,36.68975515,-108.4809874,5350,16968628,RECIRCULATING POND,COAL,SW,FR,9.69,9.69,7.71,11.7,7.71,11.7,"10,172,252"
2444,Rio Grande,Dona Ana,NM,Wells,31.80499913,-106.5477553,3740,2539833,RECIRCULATING TOWER,GAS STEAM,GW,FR,1.35,0.96,0.84,2.65,0.91,1.12,"523,299"
2446,Maddox,Lea,NM,Wells,32.7145511,-103.3016069,3750,5648797,RECIRCULATING TOWER,GAS STEAM,GW,FR,0.77,0.55,0.49,1.5,0.53,0.64,"360,588"
2450,Reeves,Bernalillo,NM,Wells,35.17163994,-106.6012087,5100,17806854,RECIRCULATING TOWER,GAS STEAM,GW,FR,0.38,0.27,0.24,0.74,0.26,0.32,"131,856"
2451,San Juan,San Juan,NM,San Juan River,36.80233679,-108.4384965,5300,17001804,RECIRCULATING TOWER,COAL,SW,FR,18.7,13.4,11.8,35.4,12.8,15,"9,007,455"
2454,Cunningham,Lea,NM,Wells,32.71428797,-103.354426,3800,20742148,RECIRCULATING TOWER,GAS STEAM,GW,FR,1.37,0.98,0.88,2.69,0.96,1.14,"682,804"
2465,Animas,San Juan,NM,Animas River,36.7248929,-108.1917945,5321,17016187,RECIRCULATING TOWER,NGCC,SW,-nr-,0.08,0.06,0.05,0.15,0.05,0.07,"49,414"
2480,Danskammer Generating Station,Orange,NY,Hudson River,41.57317554,-73.96478375,5,6212808,ONCE-THROUGH FRESH,GAS STEAM,SW,SA,3.27,0.04,1.47,25.6,0.03,0.05,"34,515"
2490,Arthur Kill Generating Station,Richmond,NY,Arthur Kill,40.59155367,-74.20011429,0,6261866,ONCE-THROUGH SALINE,GAS STEAM,SW,SA,108,0,88.5,221,0,0,"1,050,273"
2493,East River,New York,NY,East River,40.72782213,-73.97324323,0,26408400,ONCE-THROUGH SALINE,GAS STEAM,SW,SA,71.9,0,59.8,150,0,0,"695,413"
2497,Indian Point 2,Westchester,NY,Hudson River,41.27056073,-73.95143273,0,6229110,ONCE-THROUGH SALINE,NUCLEAR,SW,SA,984,0,824,2060,0,0,"8,811,875"
2500,Ravenswood,Queens,NY,East River,40.75911735,-73.94546238,0,26408400,COMPLEX,COMPLEX,SW,SA,342,0,0,652,0,0,"4,779,495"
2511,E F Barrett,Nassau,NY,Barnum Island Channel,40.61632546,-73.64793263,0,-999,ONCE-THROUGH SALINE,GAS STEAM,SW,SA,126,0,105,263,0,0,"1,429,234"
2516,Northport,Suffolk,NY,Long Island Sound,40.92318463,-73.34290122,0,9509872,ONCE-THROUGH SALINE,GAS STEAM,SW,SA,260,0,217,543,0,0,"3,053,320"
2517,Port Jefferson,Suffolk,NY,Long Island Sound,40.94998159,-73.07839711,0,9509844,ONCE-THROUGH SALINE,GAS STEAM,SW,SA,38.8,0,32.6,81.5,0,0,"398,167"
2535,Cayuga Operating Company,Tompkins,NY,Cayuga Lake,42.60185787,-76.6346092,384,21980363,ONCE-THROUGH FRESH,COAL,SW,FR,50.7,0.46,23.1,381,0.36,0.57,"531,521"
2539,Bethlehem Energy Center,Albany,NY,Hudson River,42.59433016,-73.76323114,14,6186236,RECIRCULATING TOWER,NGCC,SW,FR,3.4,2.43,2.19,6.15,2.38,2.61,"5,152,718"
2549,C R Huntley Generating Station,Erie,NY,Niagara River,42.97024192,-78.93125792,571.5551181,15569803,ONCE-THROUGH FRESH,COAL,SW,FR,38.5,0.41,17.3,298,0.32,0.5,"387,114"
2554,Dunkirk Generating Plant,Chautauqua,NY,Lake Erie,42.49106731,-79.34683412,581,9840316,ONCE-THROUGH FRESH,COAL,SW,FR,45.9,0.44,20.9,344,0.34,0.54,"439,947"
2589,Nine Mile Point Nuclear Station,Oswego,NY,Lake Ontario,43.52158862,-76.40716109,261,21624225,COMPLEX,NUCLEAR,SW,FR,504,4.66,15.2,3780,3.63,18.2,"15,998,076"
2594,Oswego Harbor Power,Oswego,NY,Lake Ontario,43.45878192,-76.53170238,253,21632367,ONCE-THROUGH FRESH,OIL,SW,FR,7.01,0.06,3.18,52.6,0.05,0.08,"69,262"
2625,Bowline Point,Rockland,NY,Hudson River,41.20551947,-73.96690994,3,6228348,ONCE-THROUGH SALINE,GAS STEAM,SW,SA,140,0,116,291,0,0,"1,447,630"
2682,S A Carlson,Chautauqua,NY,Chadakoin River,42.09355194,-79.24778483,1317,15445117,COMPLEX,GAS STEAM,SW,FR,0.08,0.02,0.01,8.78,0.01,0.02,"52,530"
2706,Asheville,Buncombe,NC,Lake Julian (Powell Creek),35.47156279,-82.54171145,2173,22165394,ONCE-THROUGH FRESH,COAL,SW,FR,155,1.68,70.5,1160,1.31,2.05,"1,438,500"
2712,Roxboro,Person,NC,Hyco Lake (Hyco River),36.48363556,-79.07286106,430,8701445,COMPLEX,COAL,SW,FR,622,9.64,2.84,4570,5.05,11.04,"9,248,994"
2718,G G Allen,Gaston,NC,Lake Wylie,35.18987166,-81.0086518,567,9756896,ONCE-THROUGH FRESH,COAL,SW,FR,155,1.65,70.8,1140,1.29,2.02,"1,656,996"
2720,Buck,Rowan,NC,Yadkin River,35.71340249,-80.37654483,635,9223641,RECIRCULATING TOWER,NGCC,SW,FR,3.53,2.52,2.28,6.29,2.47,2.66,"4,975,897"
2721,James E. Rogers Energy Complex,Cleveland,NC,Broad River,35.21985545,-81.75900836,684,12035539,RECIRCULATING TOWER,COAL,SW,FR,6.61,4.72,4.23,12,4.58,5.07,"4,082,513"
2723,Dan River,Rockingham,NC,Dan River,36.48624943,-79.72082157,516,8677727,RECIRCULATING TOWER,NGCC,SW,FR,3.34,2.38,2.16,5.95,2.34,2.52,"4,551,455"
2727,Marshall (NC),Catawba,NC,Lake Norman,35.59738571,-80.96459392,760,9751108,ONCE-THROUGH FRESH,COAL,SW,FR,581,5.78,265,4310,4.51,7.05,"7,658,910"
2790,R M Heskett,Morton,ND,Missouri River,46.86713389,-100.8843166,1658,14523607,ONCE-THROUGH FRESH,COAL,SW,-nr-,49.8,0.58,22.4,387,0.45,0.7,"500,630"
2817,Leland Olds,Mercer,ND,Missouri River,47.28098411,-101.3206859,1703,14518609,ONCE-THROUGH FRESH,COAL,SW,FR,282,3.17,127,2190,2.47,3.87,"3,581,670"
2823,Milton R Young,Oliver,ND,Nelson Lake,47.06634333,-101.2141687,1962,14519747,ONCE-THROUGH FRESH,COAL,SW,FR,439,5.15,200,3280,4.02,6.28,"4,902,363"
2824,Stanton,Mercer,ND,Missouri River,47.2867843,-101.3321331,1685,14519595,ONCE-THROUGH FRESH,COAL,SW,FR,75.6,0.86,34,587,0.67,1.05,"1,071,694"
2828,Cardinal,Jefferson,OH,Ohio River,40.25203144,-80.64871855,671,19453105,COMPLEX,COAL,SW,FR,424,7.87,2.95,3260,3.54,9.42,"8,835,500"
2832,Miami Fort,Hamilton,OH,Ohio River,39.11222785,-84.80304855,491,3410051,COMPLEX,COAL,SW,FR,40.2,8.09,7.02,226,0.23,8.24,"6,605,083"
2835,FirstEnergy Ashtabula,Ashtabula,OH,Lake Erie,41.908719,-80.770161,606,9842358,ONCE-THROUGH FRESH,COAL,SW,FR,8.33,0.06,3.77,63.5,0.05,0.07,"94,987"
2836,Avon Lake,Lorain,OH,Lake Erie,41.5043048,-82.0549438,596,28125104,ONCE-THROUGH FRESH,COAL,SW,FR,222,2.25,101,1650,1.76,2.75,"2,753,681"
2837,FirstEnergy Eastlake,Lake,OH,Lake Erie,41.67120373,-81.44339104,575,28123876,ONCE-THROUGH FRESH,COAL,SW,FR,51.5,0.38,23.3,393,0.3,0.47,"601,475"
2838,FirstEnergy Lake Shore,Cuyahoga,OH,Lake Erie,41.53530903,-81.64236881,579,28123868,ONCE-THROUGH FRESH,COAL,SW,FR,5.95,0.05,2.69,45.2,0.04,0.06,"61,810"
2840,Conesville,Coshocton,OH,Muskingum River,40.18446966,-81.88056799,743,15379411,RECIRCULATING TOWER,COAL,SW,FR,9.28,6.63,5.9,16.4,6.39,6.96,"5,168,266"
2850,J M Stuart,Adams,OH,Ohio River,38.6368191,-83.69336962,518,1922224,COMPLEX,COAL,SW,FR,564,10,3.01,4360,5.2,11.6,"9,849,064"
2866,FirstEnergy W H Sammis,Jefferson,OH,Ohio River,40.53159188,-80.63161563,683,3821343,ONCE-THROUGH FRESH,COAL,SW,FR,749,8.74,337,5840,6.82,10.7,"8,843,344"
2872,Muskingum River,Washington,OH,Muskingum River,39.59107278,-81.68032157,647,15383211,ONCE-THROUGH FRESH,COAL,SW,FR,111,0.95,50.1,854,0.74,1.16,"1,479,588"
2876,Kyger Creek,Gallia,OH,Ohio River,38.91492996,-82.12840882,575,19443471,ONCE-THROUGH FRESH,COAL,SW,FR,290,3.34,131,2260,2.61,4.08,"3,681,044"
2878,FirstEnergy Bay Shore,Lucas,OH,Lake Erie,41.69161895,-83.43812213,580,30726962,ONCE-THROUGH FRESH,COAL,SW,FR,124,1.24,56.4,923,0.97,1.52,"1,088,815"
2914,Dover,Tuscarawas,OH,Tuscarawas River,40.520701,-81.467753,876,19390250,ONCE-THROUGH FRESH,COAL,SW,-nr-,7.31,0.08,3.29,56.7,0.06,0.09,"45,615"
2935,Orrville,Wayne,OH,Municipality,40.8507566,-81.76575577,1021,19387952,RECIRCULATING TOWER,COAL,-nr-,-nr-,0.67,0.48,0.43,1.21,0.46,0.51,"221,087"
2936,Painesville,Lake,OH,Man Made Pond,41.72644889,-81.2540061,639,9848311,RECIRCULATING TOWER,COAL,-nr-,-nr-,0.03,0.02,0.02,0.06,0.02,0.02,"9,387"
2951,Horseshoe Lake,Oklahoma,OK,Horseshoe Lake,35.50839398,-97.17973244,1072,414171,COMPLEX,GAS STEAM,SW,FR,0.91,0.79,0.26,2.14,0,1.53,"376,786"
2952,Muskogee,Muskogee,OK,Arkansas River,35.76122903,-95.28841496,513,381680,RECIRCULATING TOWER,COAL,SW,FR,9.47,6.77,6.13,16.9,6.65,7.16,"4,626,240"
2953,Mustang,Canadian,OK,Municipality,35.47027431,-97.67497331,1236,393414,RECIRCULATING TOWER,GAS STEAM,SW,FR,0.26,0.19,0.17,0.47,0.19,0.2,"114,536"
2956,Seminole (OK),Seminole,OK,South Canadian River/ Wells,34.96650816,-96.72565186,949,6030412,ONCE-THROUGH FRESH,GAS STEAM,SW,FR,154,1.77,70.2,1140,1.38,2.16,"1,569,654"
2963,Northeastern,Rogers,OK,Verdigris River,36.42621328,-95.70008766,641,832872,RECIRCULATING TOWER,COMPLEX,SW,FR,12.7,9.05,8.17,22.6,8.85,9.58,"8,097,406"
2964,Southwestern,Caddo,OK,Municipality,35.10159565,-98.35202444,1244,682629,RECIRCULATING TOWER,GAS STEAM,SW,FR,0.86,0.61,0.55,1.56,0.6,0.66,"284,767"
2965,Tulsa,Tulsa,OK,Arkansas River,36.11648523,-95.99142357,625,368125,RECIRCULATING TOWER,GAS STEAM,SW,FR,0.67,0.48,0.44,1.2,0.47,0.51,"223,590"
3000,Boomer Lake Station,Payne,OK,Boomer Lake,36.14377331,-97.06754659,919,492652,ONCE-THROUGH FRESH,GAS STEAM,SW,-nr-,0.19,0,0.08,1.36,0,0,"1,134"
3006,Anadarko Plant,Caddo,OK,Lake,35.08467512,-98.23033804,1181,683473,RECIRCULATING TOWER,COMPLEX,SW,FR,0.86,0.62,0.56,1.55,0.6,0.66,"722,963"
3008,Mooreland,Woodward,OK,Wells,36.43720356,-99.2248793,1893,389600,RECIRCULATING TOWER,GAS STEAM,GW,FR,0.83,0.59,0.53,1.48,0.58,0.63,"403,018"
3096,Brunot Island,Allegheny,PA,Ohio River,40.46421631,-80.04305512,732,3824135,RECIRCULATING TOWER,NGCC,SW,FR,0.18,0.13,0.12,0.33,0.13,0.14,"97,187"
3118,Conemaugh,Indiana,PA,Conemaugh River,40.38453613,-79.06033126,1089,4754980,RECIRCULATING TOWER,COAL,SW,FR,18.1,12.9,11.6,32.9,12.6,13.9,"11,146,976"
3122,Homer City Generating Station,Indiana,PA,Two Lick Creek,40.51264396,-79.19577165,1200,4752280,RECIRCULATING TOWER,COAL,SW,FR,16,11.5,10.3,29.3,11.1,12.4,"9,036,684"
3130,Seward (PA),Indiana,PA,Conemaugh River,40.40625805,-79.03347869,1097,4754926,RECIRCULATING TOWER,COAL,SW,FR,3.19,2.28,2.05,5.81,2.22,2.46,"1,682,435"
3131,Shawville,Clearfield,PA,Susquehanna River,41.06711913,-78.36584826,1058,4672489,ONCE-THROUGH FRESH,COAL,SW,FR,80.6,0.78,36.3,622,0.61,0.95,"916,991"
3136,Keystone,Armstrong,PA,Crooked Creek,40.65968579,-79.3406384,1002,4741899,RECIRCULATING TOWER,COAL,SW,FR,15.8,11.3,10.1,28.9,10.9,12.2,"9,514,762"
3138,New Castle Plant,Lawrence,PA,Beaver River,40.93807984,-80.36850383,780,19463874,ONCE-THROUGH FRESH,COAL,SW,FR,28,0.3,12.6,217,0.24,0.37,"317,344"
3140,Brunner Island,York,PA,Susquehanna River,40.09621574,-76.69600459,286,4722211,ONCE-THROUGH FRESH,COAL,SW,FR,380,4.12,171,2950,3.21,5.03,"4,850,745"
3148,TalenEnergy Martins Creek,Northampton,PA,Delaware River,40.79795942,-75.10597136,245,2588401,RECIRCULATING TOWER,GAS STEAM,SW,FR,8.91,6.36,5.79,15.7,6.28,6.64,"4,230,335"
3149,TalenEnergy Montour,Montour,PA,Susquehanna River,41.07041564,-76.66471929,538,8151995,RECIRCULATING TOWER,COAL,SW,FR,10.9,7.76,6.84,19.8,7.42,8.38,"6,644,098"
3161,Eddystone Generating Station,Delaware,PA,Delaware River,39.85933163,-75.32424129,8,4496238,ONCE-THROUGH FRESH,COMPLEX,SW,FR,27.7,0.39,12.4,218,0.31,0.48,"189,560"
3166,Peach Bottom,York,PA,Susquehanna River,39.75922249,-76.26877762,153,4726523,COMPLEX,NUCLEAR,SW,FR,1860,20.9,26.5,15400,15.5,31.3,"19,858,302"
3176,Hunlock Power Station,Luzerne,PA,Susquehanna River,41.20146662,-76.06941712,535,2603121,ONCE-THROUGH FRESH,NGCC,SW,FR,35.6,0.38,16,276,0.29,0.46,"903,508"
3236,Manchester Street,Providence,RI,Providence River,41.81594668,-71.40430578,0,6134059,ONCE-THROUGH SALINE,NGCC,SW,SA,85.1,0,70.8,177,0,0,"1,912,120"
3251,H B Robinson,Darlington,SC,Lake Robinson,34.40278451,-80.15830483,226,9177416,ONCE-THROUGH FRESH,COMPLEX,SW,FR,590,6.33,269,4370,4.94,7.72,"5,723,722"
3264,W S Lee,Anderson,SC,Saluda River,34.60249204,-82.43522493,678,9868678,COMPLEX,GAS STEAM,SW,FR,7.11,0.14,0.16,69.5,0.1,0.18,"88,390"
3265,Oconee,Oconee,SC,Keowee River,34.79416609,-82.8986391,815,11749987,ONCE-THROUGH FRESH,NUCLEAR,SW,FR,1930,25.1,868,15100,19.6,30.7,"21,939,740"
3287,McMeekin,Lexington,SC,Lake Murray,34.05581823,-81.21719426,207,9869590,ONCE-THROUGH FRESH,COMPLEX,SW,FR,84.4,0.88,38.6,623,0.69,1.07,"939,695"
3295,Urquhart,Aiken,SC,Savannah River,33.43440674,-81.91098312,147,22724031,ONCE-THROUGH FRESH,COMPLEX,SW,FR,79.6,1.06,35.7,624,0.83,1.29,"1,932,204"
3297,Wateree,Richland,SC,Wateree River,33.82664565,-80.62247343,109,9721507,COMPLEX,COAL,SW,FR,6.32,4.52,4.11,10.66,3.7,4.77,"3,198,891"
3298,Williams,Berkeley,SC,Back River Reservoir,33.01578682,-79.92941829,12,9643641,COMPLEX,COAL,SW,FR,256,3.6,4.38,2030,2.8,4.99,"3,734,928"
3393,Allen Steam Plant,Shelby,TN,Mississippi River,35.07405585,-90.14870608,241,7474836,ONCE-THROUGH FRESH,COAL,SW,FR,265,3.55,119,2080,2.77,4.33,"3,129,703"
3396,Bull Run,Anderson,TN,Clinch River,36.02045107,-84.15689458,813,22124076,ONCE-THROUGH FRESH,COAL,SW,FR,173,1.79,77.7,1340,1.4,2.18,"2,487,210"
3399,Cumberland,Stewart,TN,Cumberland River,36.390316,-87.65265271,433,11884358,ONCE-THROUGH FRESH,COAL,SW,FR,1030,12.9,462,8040,10,15.7,"14,438,617"
3403,Gallatin (TN),Sumner,TN,Cumberland River,36.31533883,-86.40071029,466,18415917,ONCE-THROUGH FRESH,COAL,SW,FR,310,3.79,139,2420,2.96,4.63,"3,826,403"
3405,John Sevier,Hawkins,TN,Holston River,36.37632135,-82.96320363,1107,22178442,RECIRCULATING TOWER,NGCC,SW,FR,3.53,2.52,2.29,6.4,2.48,2.71,"4,769,048"
3406,Johnsonville,Humphreys,TN,Tennessee River,36.037969,-87.982311,391,10582213,ONCE-THROUGH FRESH,COAL,SW,FR,179,2.2,80.7,1400,1.72,2.69,"1,964,467"
3407,Kingston,Roane,TN,Clinch And Emory Rivers,35.89831101,-84.51884648,768,22125770,ONCE-THROUGH FRESH,COAL,SW,FR,331,3.99,149,2580,3.11,4.86,"3,857,821"
3441,Nueces Bay,Nueces,TX,Corpus Christi Ship Channel,27.8191202,-97.41938515,0,1636619,ONCE-THROUGH SALINE,NGCC,SW,SA,68.1,0,53.9,135,0,0,"1,553,835"
3443,Victoria,Victoria,TX,Wells and Guadalupe River,28.78797556,-97.01058671,55,1639225,COMPLEX,NGCC,GW & SW,FR,15.7,0.53,0.54,242,0.37,0.61,"812,300"
3452,Lake Hubbard,Dallas,TX,Lake Ray Hubbard,32.83664351,-96.54610057,455,1293054,ONCE-THROUGH FRESH,GAS STEAM,SW,FR,28.8,0.35,13.2,211,0.28,0.43,"285,692"
3453,Mountain Creek,Dallas,TX,Mountain Creek Lake,32.72351651,-96.93639689,474,1269878,ONCE-THROUGH FRESH,GAS STEAM,SW,FR,44.7,0.55,20.5,326,0.43,0.67,"406,251"
3456,Newman,El Paso,TX,Wells/Treated Municipal Waste,31.9835377,-106.4322265,4067,266745,RECIRCULATING TOWER,COMPLEX,GW,FR,4.59,3.28,2.84,9.1,3.08,3.86,"2,625,918"
3457,Lewis Creek,Montgomery,TX,Lewis Creek Reservoir,30.43579707,-95.52077443,272,1468340,RECIRCULATING POND,GAS STEAM,SW,FR,4.63,4.63,4.09,5.17,4.09,5.17,"2,227,087"
3459,Sabine,Orange,TX,Sabine Lake,30.02365801,-93.87597573,8,1115761,COMPLEX,GAS STEAM,SW,SA,375,1.49,1.37,743,0,1.56,"5,313,055"
3460,Cedar Bayou,Chambers,TX,Upper Galveston Bay,29.7501578,-94.92560879,27,1558944,ONCE-THROUGH SALINE,GAS STEAM,SW,SA,234,0,185,462,0,0,"2,342,859"
3464,Greens Bayou,Harris,TX,Lake Houston,29.82165736,-95.21940698,37,1439047,RECIRCULATING TOWER,GAS STEAM,SW,FR,0.22,0.16,0.14,0.39,0.15,0.17,"71,992"
3469,T H Wharton,Harris,TX,Water Wells,29.94146894,-95.53331744,121,1440207,RECIRCULATING TOWER,NGCC,GW,FR,1.1,0.78,0.72,1.93,0.78,0.82,"761,838"
3470,W A Parish,Fort Bend,TX,Smithers Lake,29.47872859,-95.6340143,71,3126488,COMPLEX,COMPLEX,SW,FR,20.6,16.9,8.52,28.27,5.57,24.55,"15,808,444"
3476,Knox Lee,Gregg,TX,Lake Cherokee,32.37670922,-94.64158697,289,5279694,ONCE-THROUGH FRESH,GAS STEAM,SW,FR,12.2,0.14,5.6,89.7,0.11,0.17,"102,487"
3477,Lone Star,Morris,TX,Ellison Creek Reserv,32.921532,-94.722821,269,1011724,ONCE-THROUGH FRESH,GAS STEAM,SW,-nr-,0.62,0.01,0.28,4.55,0.01,0.01,"5,531"
3478,Wilkes,Marion,TX,Johnson Creek Reserv,32.84799664,-94.54801562,299,1011742,COMPLEX,GAS STEAM,SW,FR,58.4,0.84,1.02,464,0.66,1.2,"663,797"
3482,Jones,Lubbock,TX,Municipality,33.52429972,-101.7395356,3178,13718567,RECIRCULATING TOWER,GAS STEAM,PD,BE,2.73,1.95,1.76,5.25,1.91,2.23,"1,423,162"
3484,Nichols,Potter,TX,Municipality,35.28346887,-101.7462934,3596,19983986,RECIRCULATING TOWER,GAS STEAM,PD,BE,0.97,0.69,0.61,1.82,0.67,0.77,"419,405"
3485,Plant X,Lamb,TX,Wells,34.1660815,-102.4108883,3675,13475967,RECIRCULATING TOWER,GAS STEAM,GW,FR,1.67,1.19,1.07,3.2,1.16,1.35,"778,114"
3490,Graham,Young,TX,Lake Graham,33.13487325,-98.61199862,1077,5494506,ONCE-THROUGH FRESH,GAS STEAM,SW,FR,19.7,0.24,9.03,144,0.18,0.29,"193,615"
3491,Handley,Tarrant,TX,Lake Arlington,32.72742768,-97.21850364,563,1269102,ONCE-THROUGH FRESH,GAS STEAM,SW,FR,51.6,0.65,23.7,376,0.51,0.79,"370,974"
3497,Big Brown,Freestone,TX,Fairfield Lake,31.82027079,-96.05586843,322,1455407,ONCE-THROUGH FRESH,COAL,SW,FR,692,8.01,316,5110,6.25,9.77,"7,629,351"
3504,Stryker Creek,Cherokee,TX,Stryker Creek Reservoir,31.93973041,-94.9899519,306,1150543,ONCE-THROUGH FRESH,GAS STEAM,SW,FR,15.3,0.18,7.02,112,0.14,0.22,"173,790"
3507,Trinidad (TX),Henderson,TX,Trinidad Lake,32.12483535,-96.10157354,286,1262643,RECIRCULATING POND,GAS STEAM,SW,FR,0,0,0,0,0,0,"37,957"
3548,Decker Creek,Travis,TX,Lake Walter E. Long,30.30383208,-97.6128777,564,5789866,ONCE-THROUGH FRESH,GAS STEAM,SW,FR,1.83,0.02,0.84,13.4,0.02,0.02,"556,843"
3559,Silas Ray,Cameron,TX,Rio Grande River,25.91281926,-97.52142651,34,626102,COMPLEX,NGCC,SW,FR,0.11,0.03,0.03,11.5,0.02,0.03,"24,175"
3576,Ray Olinger,Collin,TX,Lake Lavon,33.06804159,-96.45263848,519,1292390,ONCE-THROUGH FRESH,GAS STEAM,SW,FR,7.06,0.09,3.23,51.5,0.07,0.11,"55,546"
3601,Sim Gideon,Bastrop,TX,Lake Bastrop,30.14542351,-97.27048973,456,5789910,ONCE-THROUGH FRESH,GAS STEAM,SW,FR,29.3,0.35,13.4,214,0.27,0.42,"278,027"
3602,Ty Cooke,Lubbock,TX,Municipality,33.52122843,-101.7908481,3159,13718569,RECIRCULATING TOWER,GAS STEAM,-nr-,-nr-,0.16,0.11,0.1,0.31,0.11,0.13,"59,945"
3604,J Robert Massengale,Lubbock,TX,Municipality,33.6033715,-101.8410794,3205,13494837,RECIRCULATING TOWER,NGCC,-nr-,-nr-,0.05,0.03,0.03,0.09,0.03,0.04,"30,373"
3611,O W Sommers,Bexar,TX,San Antonio River,29.3076314,-98.32425489,492,10840882,ONCE-THROUGH FRESH,GAS STEAM,SW,FR,62.1,0.75,28.4,454,0.59,0.92,"517,210"
3612,V H Braunig,Bexar,TX,San Antonio River,29.25694776,-98.38218214,514,10840890,RECIRCULATING POND,GAS STEAM,SW,FR,0.03,0.03,0,0.07,0,0.07,"377,588"
3628,R W Miller,Palo Pinto,TX,Lake Palo Pinto,32.65830595,-98.30945641,887,5497346,ONCE-THROUGH FRESH,GAS STEAM,SW,FR,15.9,0.19,7.29,116,0.15,0.23,"134,592"
3630,Pearsall,Frio,TX,Wells,28.9277185,-99.09195947,664,10647731,RECIRCULATING TOWER,GAS STEAM,GW,-nr-,0.03,0.02,0.02,0.06,0.02,0.03,"8,380"
3631,Sam Rayburn,Victoria,TX,Guadalupe River,28.89489544,-97.13489898,103,1638495,RECIRCULATING TOWER,NGCC,SW,-nr-,0.34,0.25,0.22,0.6,0.24,0.26,"241,469"
3644,Carbon,Carbon,UT,Price River,39.72709484,-110.8645046,6121,3907839,RECIRCULATING TOWER,COAL,SW,FR,0.75,0.53,0.47,1.37,0.51,0.58,"393,866"
3648,Gadsby,Salt Lake,UT,Jordan River,40.76872713,-111.9284253,4230,10390290,RECIRCULATING TOWER,GAS STEAM,SW,FR,0.39,0.28,0.24,0.8,0.26,0.34,"88,928"
3775,Clinch River,Russell,VA,Clinch River,36.93326438,-82.19932129,1570,14640413,RECIRCULATING TOWER,COAL,SW,FR,0.93,0.67,0.6,1.71,0.65,0.73,"461,977"
3776,Glen Lyn,Giles,VA,New River,37.36988861,-80.863361,1552,6908699,ONCE-THROUGH FRESH,COAL,SW,FR,5.29,0.05,2.39,40.7,0.04,0.06,"67,583"
3796,Bremo Bluff,Fluvanna,VA,James River,37.70917854,-78.28734481,231,8545819,ONCE-THROUGH FRESH,GAS STEAM,SW,FR,18.4,0.19,8.27,142,0.15,0.23,"214,579"
3797,Chesterfield,Chesterfield,VA,James River,37.38288464,-77.38204993,29,10067389,ONCE-THROUGH FRESH,COMPLEX,SW,FR,597,7.4,268,4660,5.77,9.03,"9,872,386"
3804,Possum Point,Prince William,VA,Potomac River,38.53782661,-77.27926349,35,4539971,COMPLEX,COMPLEX,SW,SA,7.79,2.03,1.82,10.1,0,2.17,"3,576,974"
3806,Surry,Surry,VA,James River,37.16618938,-76.69771778,0,10064993,ONCE-THROUGH SALINE,NUCLEAR,SW,SA,1220,0,1010,2520,0,0,"11,789,726"
3809,Yorktown,York,VA,York River,37.21503651,-76.4618127,0,9897200,ONCE-THROUGH SALINE,COMPLEX,SW,SA,55.6,0,47.2,118,0,0,"565,308"
3845,Transalta Centralia Generation,Lewis,WA,Skookumchuck River,46.75593228,-122.8574111,249,23850957,RECIRCULATING TOWER,COAL,SW,FR,9.34,6.67,5.98,16.9,6.48,7.14,"5,023,377"
3935,John E Amos,Putnam,WV,Kanawha River,38.47372433,-81.82236737,596,19315422,RECIRCULATING TOWER,COAL,SW,FR,23.4,16.7,14.9,42,16.2,17.8,"14,072,154"
3936,Kanawha River,Kanawha,WV,Kanawha River,38.20643756,-81.42352506,622,6925319,ONCE-THROUGH FRESH,COAL,SW,FR,41.1,0.36,18.6,317,0.28,0.43,"543,145"
3938,Philip Sporn,Mason,WV,Ohio River,38.96752852,-81.92279912,592,19442931,ONCE-THROUGH FRESH,COAL,SW,FR,46.5,0.4,21,358,0.31,0.49,"593,261"
3943,FirstEnergy Fort Martin Power Station,Monongalia,WV,Monongahela River,39.71032989,-79.92752299,812,3768832,RECIRCULATING TOWER,COAL,SW,FR,12.9,9.23,8.25,23.5,8.94,9.98,"7,296,430"
3944,FirstEnergy Harrison Power Station,Harrison,WV,West Fork River,39.38503622,-80.3321596,980,3715706,RECIRCULATING TOWER,COAL,SW,FR,20.3,14.5,13,36.9,14,15.6,"11,269,955"
3947,Kammer,Marshall,WV,Ohio River,39.8460402,-80.81891325,650,19455337,ONCE-THROUGH FRESH,COMPLEX,SW,FR,24.9,0.2,11.2,191,0.16,0.24,"263,022"
3948,Mitchell (WV),Marshall,WV,Ohio River,39.82964417,-80.81649783,668,19455355,RECIRCULATING TOWER,COAL,SW,FR,9.09,6.49,5.76,16.5,6.25,7.01,"5,367,819"
3954,Mt Storm,Grant,WV,Mt Storm Lake,39.20077134,-79.26377987,3270,14366062,ONCE-THROUGH FRESH,COAL,SW,FR,864,10.4,394,6410,8.08,12.6,"9,846,148"
3982,Bay Front,Ashland,WI,Lake Superior,46.58717501,-90.90183691,605,1797315,ONCE-THROUGH FRESH,BIOMASS,SW,FR,32.3,0.29,14.7,243,0.23,0.35,"177,026"
3992,Blount Street,Dane,WI,Lake Monona,43.07919055,-89.37429045,853,13294322,ONCE-THROUGH FRESH,GAS STEAM,SW,FR,6.99,0.07,3.19,51.8,0.06,0.09,"51,521"
4005,French Island,La Crosse,WI,Mississippi River,43.82906973,-91.25974434,641,2456588,ONCE-THROUGH FRESH,BIOMASS,SW,FR,11.3,0.12,5.11,88,0.1,0.15,"63,639"
4040,Port Washington Generating Station,Ozaukee,WI,Lake Michigan,43.38417151,-87.86994864,591,12177488,ONCE-THROUGH FRESH,NGCC,SW,FR,140,1.27,63.4,1050,0.99,1.55,"4,747,453"
4041,South Oak Creek,Milwaukee,WI,Lake Michigan,42.84484876,-87.82845398,597,12169331,ONCE-THROUGH FRESH,COAL,SW,FR,455,4.12,206,3420,3.21,5.02,"5,178,344"
4042,Valley (WI),Milwaukee,WI,Menominee River,43.030411,-87.924103,583,12162512,ONCE-THROUGH FRESH,COMPLEX,SW,FR,7.27,0.07,3.28,56.1,0.05,0.08,"508,574"
4046,Point Beach Nuclear Plant,Manitowoc,WI,Lake Michigan,44.28111877,-87.53602496,603,12174218,ONCE-THROUGH FRESH,NUCLEAR,SW,FR,1010,9.05,461,7650,7.06,11,"10,008,183"
4050,Edgewater,Sheboygan,WI,Lake Michigan,43.71560808,-87.70597012,588,12176006,ONCE-THROUGH FRESH,COAL,SW,FR,318,2.85,144,2390,2.22,3.48,"3,896,653"
4054,Nelson Dewey Generating Station,Grant,WI,Mississippi River,42.72289372,-91.0087016,622,13326790,ONCE-THROUGH FRESH,COAL,SW,FR,75.7,0.87,34,589,0.68,1.07,"1,009,240"
4072,Pulliam,Brown,WI,Green Bay,44.54011838,-88.00852178,589,6802236,ONCE-THROUGH FRESH,COAL,SW,FR,41.1,0.4,18.7,307,0.32,0.49,"421,147"
4078,Weston,Marathon,WI,Wisconsin River,44.85812935,-89.65001318,1182,14732378,COMPLEX,COAL,SW,FR,7.95,4.74,4.16,10.2,0.01,5.04,"4,404,857"
4125,Manitowoc,Manitowoc,WI,Lake Michigan,44.0814154,-87.65657641,607,12174238,ONCE-THROUGH FRESH,COMPLEX,SW,FR,14.7,0.13,6.68,111,0.1,0.16,"117,322"
4143,Genoa,Vernon,WI,Mississippi River,43.55915445,-91.23229914,642,13208374,ONCE-THROUGH FRESH,COAL,SW,FR,109,1.25,49,847,0.98,1.53,"1,376,677"
4146,E J Stoneman Station,Grant,WI,Mississippi River,42.70826254,-90.9847491,622,13325594,ONCE-THROUGH FRESH,BIOMASS,SW,-nr-,17.9,0.2,8.08,139,0.16,0.24,"167,613"
4158,Dave Johnston,Converse,WY,North Platte River,42.83815375,-105.7770485,4951,22109491,COMPLEX,COAL,SW,FR,253.14,6.08,6.43,2055.16,4.79,8.22,"5,140,970"
4162,Naughton,Lincoln,WY,Hams Fork River,41.75882792,-110.5971716,6943,3265274,RECIRCULATING TOWER,COAL,SW,FR,9.2,6.57,5.76,17.4,6.25,7.38,"4,899,321"
4195,Powerlane Plant,Hunt ,TX,No 4 Resevoir,33.17068112,-96.12683709,519,5253829,ONCE-THROUGH FRESH,GAS STEAM,-nr-,-nr-,2.89,0.03,1.32,21.2,0.03,0.04,"12,656"
4259,Endicott Station,Hillsdale,MI,Wells,42.03165347,-84.75456753,1025,12254504,RECIRCULATING TOWER,COMPLEX,GW,-nr-,0.63,0.45,0.4,1.11,0.44,0.47,"214,384"
4266,Spencer,Denton,TX,Municipality,33.19752146,-97.10646329,651,1277114,RECIRCULATING TOWER,GAS STEAM,PD,BE,0.04,0.03,0.03,0.08,0.03,0.03,"13,210"
4270,Waterford 3,St Charles,LA,Mississippi River,29.99505454,-90.47156526,16,22363775,ONCE-THROUGH FRESH,NUCLEAR,SW,FR,816,11.1,366,6400,8.66,13.6,"8,384,741"
4271,John P Madgett,Buffalo,WI,Mississippi River,44.30225076,-91.91250733,676,2118222,ONCE-THROUGH FRESH,COAL,SW,FR,126,1.37,56.9,980,1.07,1.67,"1,502,812"
4937,Thomas C Ferguson,Llano,TX,Lake Lyndon B. Johnson,30.55804133,-98.37056975,851,5757866,ONCE-THROUGH FRESH,NGCC,SW,FR,98.8,1.08,45.1,727,0.84,1.31,"3,401,200"
4939,Barney M Davis,Nueces,TX,Laguna Madre,27.60708195,-97.31079642,0,1648848,ONCE-THROUGH SALINE,COMPLEX,SW,SA,76.4,0,60.3,151,0,0,"1,728,431"
4940,Riverside,Tulsa,OK,Arkansas River,35.99806437,-95.95744456,615,371069,RECIRCULATING TOWER,GAS STEAM,SW,FR,0.12,0.08,0.08,0.21,0.08,0.09,"41,932"
4941,Navajo,Coconino,AZ,Lake Powell,36.90389823,-111.3887972,4381,3528407,RECIRCULATING TOWER,COAL,SW,FR,28.1,20.1,17.5,55.7,18.9,23.6,"13,572,760"
6000,Donald C Cook,Berrien,MI,Lake Michigan,41.97567987,-86.565484,622,3397238,ONCE-THROUGH FRESH,NUCLEAR,SW,FR,1770,17,805,13300,13.2,20.7,"15,684,720"
6001,Joseph M Farley,Houston,AL,Chattahoochee River,31.2231461,-85.11139164,176,2310449,RECIRCULATING TOWER,NUCLEAR,SW,FR,34.8,24.9,22.8,61.2,24.7,25.9,"14,281,688"
6002,James H Miller Jr,Jefferson,AL,Black Warrior River,33.63124198,-87.05787148,321,18567309,RECIRCULATING TOWER,COAL,SW,FR,33,23.6,21.5,58.3,23.3,24.7,"17,815,891"
6004,FirstEnergy Pleasants Power Station,Pleasants,WV,Ohio River,39.36704998,-81.29421475,637,15433660,RECIRCULATING TOWER,COAL,SW,FR,13,9.32,8.31,23.4,9.01,9.9,"7,047,532"
6008,Palo Verde,Maricopa,AZ,Phoenix Area Sewage Effluent,33.38693083,-112.864455,954,20395541,RECIRCULATING TOWER,NUCLEAR,PD,BE,78.9,56.4,50.3,149,54.6,63,"32,525,595"
6009,White Bluff,Jefferson,AR,Arkansas River,34.42262706,-92.13894153,311,22850721,RECIRCULATING TOWER,COAL,SW,FR,11.5,8.2,7.44,20.5,8.07,8.67,"6,223,129"
6011,Calvert Cliffs Nuclear Power Plant,Calvert,MD,Chesapeake Bay,38.43454144,-76.44190629,0,8378397,ONCE-THROUGH SALINE,NUCLEAR,SW,SA,1600,0,1320,3310,0,0,"14,643,325"
6014,Brunswick Nuclear,Brunswick,NC,Atlantic Ocean (Cape Fear),33.95816387,-78.0095634,0,8835326,ONCE-THROUGH SALINE,NUCLEAR,SW,SA,1720,0,1400,3500,0,0,"15,288,582"
6015,Harris,Wake,NC,Shearon Harris Reservoir,35.63350089,-78.95591499,260,8842737,RECIRCULATING TOWER,NUCLEAR,SW,FR,15.9,11.3,10.2,28.2,11.1,12,"7,272,177"
6016,Duck Creek,Fulton,IL,Duck Creek Reservoir,40.46591603,-89.98460028,578,13606866,ONCE-THROUGH FRESH,COAL,SW,FR,192,1.88,87.3,1430,1.47,2.3,"2,129,192"
6017,Newton,Jasper,IL,"Laws Creek, Sandy Creek",38.9358594,-88.27672525,545,10435490,ONCE-THROUGH FRESH,COAL,SW,FR,447,4.92,204,3300,3.84,6,"4,998,069"
6018,East Bend,Boone,KY,Ohio River,38.90540993,-84.85124402,516,3407479,RECIRCULATING TOWER,COAL,SW,FR,7.78,5.56,4.98,13.9,5.39,5.89,"4,031,692"
6019,W H Zimmer,Clermont,OH,Ohio River,38.86710993,-84.2292915,499,1922624,RECIRCULATING TOWER,COAL,SW,FR,9.47,6.76,6.02,16.9,6.53,7.18,"5,936,999"
6020,Perry,Lake,OH,Lake Erie,41.80086453,-81.14315913,624,28123820,RECIRCULATING TOWER,NUCLEAR,SW,FR,19.3,13.8,12.4,34.4,13.4,14.6,"9,482,845"
6021,Craig (CO),Moffat,CO,Yampa River,40.46333804,-107.5903487,6367,1356794,RECIRCULATING TOWER,COAL,SW,FR,13.7,9.76,8.59,25.3,9.32,10.7,"8,020,477"
6022,Braidwood Generation Station,Will,IL,Kanakee River,41.24337744,-88.22934385,600,14779596,RECIRCULATING POND,NUCLEAR,SW,FR,27.1,27.1,21.1,33,21.1,33,"19,710,011"
6023,Byron Generating Station,Ogle,IL,Rock River,42.07423661,-89.27922897,870,10603224,RECIRCULATING TOWER,NUCLEAR,SW,FR,41.7,29.8,26.7,73.6,28.9,31.2,"19,471,413"
6026,LaSalle Generating Station,LaSalle,IL,Illinois River,41.24552899,-88.6684877,708,14780248,RECIRCULATING POND,NUCLEAR,SW,FR,22,22,16.2,27.9,16.2,27.9,"18,686,369"
6030,Coal Creek,McLean,ND,Missouri River,47.37795916,-101.1569189,1973,14518451,RECIRCULATING TOWER,COAL,SW,FR,13.1,9.38,8.35,24.1,9.05,10.2,"8,834,166"
6031,Killen Station,Adams,OH,Ohio River,38.69153697,-83.4798975,527,1920230,RECIRCULATING TOWER,COAL,SW,FR,6.38,4.56,4.09,11.4,4.43,4.83,"3,440,952"
6034,Belle River,St Clair,MI,St. Clair River,42.77430883,-82.49492762,591,13195966,ONCE-THROUGH FRESH,COAL,SW,FR,532,5.76,240,4130,4.49,7.03,"7,460,142"
6035,Greenwood (MI),St Clair,MI,Municipality,43.10546797,-82.69736484,756,13193882,RECIRCULATING POND,GAS STEAM,SW,FR,0,0,0,0,0,0,"136,674"
6036,Catawba,York,SC,Lake Wylie,35.05171965,-81.06973365,642,9756976,RECIRCULATING TOWER,NUCLEAR,SW,FR,39.6,28.3,25.6,70.1,27.7,29.7,"18,377,461"
6038,McGuire,Mecklenburg,NC,Lake Norman,35.43260601,-80.94848885,760,9755486,ONCE-THROUGH FRESH,NUCLEAR,SW,FR,1950,20.2,890,14400,15.7,24.6,"19,536,002"
6040,Beaver Valley,Beaver,PA,Ohio River,40.62216869,-80.43311442,735,3821109,RECIRCULATING TOWER,NUCLEAR,SW,FR,31.8,22.7,20.4,58.1,22.1,24.6,"14,537,772"
6041,H L Spurlock,Mason,KY,Wells/Ohio River,38.69981481,-83.81713704,538,1922018,RECIRCULATING TOWER,COAL,GW & SW,FR,10.7,7.67,6.95,19.1,7.53,8.1,"5,568,642"
6042,Manatee,Manatee,FL,Little Manatee River,27.6061444,-82.34500813,52,16875028,RECIRCULATING POND,COMPLEX,SW,FR,13.4,13.4,12,14.7,12,14.7,"9,693,781"
6043,Martin,Martin,FL,St. Lucie Canal,27.05529878,-80.5637441,27,16715620,COMPLEX,COMPLEX,SW,FR,437,8.92,3.75,3150,3.33,10.13,"12,907,048"
6045,St Lucie,St Lucie,FL,Atlantic Ocean,27.34887057,-80.24637081,0,-999,ONCE-THROUGH SALINE,NUCLEAR,SW,SA,1660,0,1310,3280,0,0,"15,075,264"
6051,Edwin I Hatch,Appling,GA,Altamah River,31.93462266,-82.34458355,124,14348510,RECIRCULATING TOWER,NUCLEAR,SW,FR,36,25.7,23.6,63.1,25.6,26.8,"14,497,254"
6052,Wansley,Heard,GA,Chattahoochee River,33.41337771,-85.03304503,782,3291084,RECIRCULATING TOWER,COAL,SW,FR,8.19,5.85,5.34,14.5,5.79,6.14,"4,469,578"
6055,Big Cajun 2,Pointe Coupee,LA,Mississippi River,30.72725596,-91.36873898,38,18714658,COMPLEX,COAL,SW,FR,200,9.27,6.03,1500,2.09,11,"7,183,220"
6056,Kahului,Maui,HI,Pacific Ocean,20.89644172,-156.4625248,0,21592045,ONCE-THROUGH SALINE,OIL,SW,SA,15.9,0,12.5,31.3,0,0,"100,067"
6061,R D Morrow,Lamar,MS,Wells,31.21817025,-89.39401159,261,18104316,RECIRCULATING TOWER,COAL,GW,FR,0.52,0.37,0.34,0.93,0.37,0.39,"245,854"
6064,Nearman Creek,Wyandotte,KS,Missouri River,39.17089781,-94.69723753,753,2255187,ONCE-THROUGH FRESH,COAL,SW,FR,100,1.24,45,782,0.97,1.51,"1,204,962"
6065,Iatan,Platte,MO,Missouri River,39.44758536,-94.97988907,788,2254745,COMPLEX,COAL,SW,FR,259,8.69,5.07,1960,2.39,10.2,"9,406,012"
6068,Jeffrey Energy Center,Pottawatomie,KS,Kansas River,39.2861699,-96.11664975,1318,3642818,RECIRCULATING TOWER,COAL,SW,FR,21.5,15.3,13.8,38.3,15,16.2,"11,346,108"
6071,Trimble County,Trimble,KY,Ohio River,38.58495668,-85.41211785,473,10161596,RECIRCULATING TOWER,COAL,SW,FR,13.4,9.61,8.69,24,9.42,10.2,"8,278,514"
6072,Grand Gulf,Claiborne,MS,Mississippi River Aquifer,32.0090017,-91.04777449,196,19267206,RECIRCULATING TOWER,NUCLEAR,GW,FR,28.7,20.5,18.8,50.9,20.3,21.6,"11,714,588"
6073,Victor J Daniel Jr,Jackson,MS,Municipality,30.53283555,-88.5564048,51,18120712,COMPLEX,COMPLEX,SW,FR,3.95,4.31,0.57,6.03,0,4.47,"10,533,658"
6076,Colstrip,Rosebud,MT,Yellowstone River,45.88287255,-106.6127928,3252,13262665,RECIRCULATING TOWER,COAL,SW,FR,26.8,19.1,17,49.6,18.4,21,"14,844,275"
6077,Gerald Gentleman,Lincoln,NE,Sutherland Supply Canal,41.0815203,-101.1412985,3134,17432276,RECIRCULATING POND,COAL,SW,FR,14,14,11.8,16.2,11.8,16.2,"8,797,020"
6081,Stony Brook,Hampden,MA,Municipality,42.19764777,-72.51045273,238,7691717,RECIRCULATING TOWER,COMPLEX,SW,FR,0.28,0.2,0.18,0.51,0.2,0.22,"214,057"
6082,Somerset Operating Co LLC,Niagara,NY,Lake Ontario,43.35680566,-78.60401798,291,15559451,ONCE-THROUGH FRESH,COAL,SW,FR,52.1,0.41,23.6,396,0.32,0.51,"614,883"
6085,R M Schahfer,Jasper,IN,Kankakee River,41.21699181,-87.02442778,666,13437773,RECIRCULATING TOWER,COAL,SW,FR,11.2,7.98,7.15,19.7,7.75,8.34,"5,372,955"
6089,Lewis & Clark,Richland,MT,Yellowstone River,47.67900511,-104.1581287,1891,21871785,ONCE-THROUGH FRESH,COAL,SW,-nr-,24.5,0.26,11,190,0.2,0.32,"222,191"
6090,Sherburne County,Sherburne,MN,Mississippi River,45.37836386,-93.89656092,968,2723115,RECIRCULATING TOWER,COAL,SW,FR,20.4,14.6,12.9,36.6,13.9,15.5,"12,160,150"
6094,FirstEnergy Bruce Mansfield,Beaver,PA,Ohio River,40.63498289,-80.41842072,732,3821085,RECIRCULATING TOWER,COAL,SW,FR,23.9,17.1,15.3,43.6,16.6,18.5,"13,610,817"
6095,Sooner,Noble,OK,Sooner Lake,36.45405066,-97.05282037,935,20970156,RECIRCULATING POND,COAL,SW,FR,5.58,5.58,4.43,6.72,4.43,6.72,"5,621,453"
6096,Nebraska City,Otoe,NE,Missouri River,40.62074091,-95.773644,924,7312385,COMPLEX,COAL,SW,FR,331,8.34,4.12,2530,2.98,8.7,"8,681,175"
6098,Big Stone,Grant,SD,Big Stone Lake,45.30385,-96.509075,1130,4085588,RECIRCULATING POND,COAL,SW,FR,4.04,4.04,3.76,4.31,3.76,4.31,"1,498,688"
6099,Diablo Canyon,San Luis Obispo,CA,Pacific Ocean,35.21099282,-120.8550621,0,8193771,ONCE-THROUGH SALINE,NUCLEAR,SW,SA,1990,0,1650,4120,0,0,"18,505,385"
6103,TalenEnergy Susquehanna,Luzerne,PA,Susquehanna River,41.09208628,-76.14831462,692,2603173,RECIRCULATING TOWER,NUCLEAR,SW,FR,44.2,31.5,28.3,80.5,30.6,34.1,"20,591,260"
6105,Limerick,Montgomery,PA,Schuylkill & Delaware Rivers,40.22401021,-75.58735813,204,4781363,RECIRCULATING TOWER,NUCLEAR,SW,FR,39.6,28.3,25.3,71.8,27.4,30.4,"18,931,377"
6106,Boardman,Morrow,OR,Carty Reservoir,45.69344088,-119.8068109,696,24235618,RECIRCULATING POND,COAL,SW,FR,0,0,0,0.38,0,0.38,"2,383,346"
6110,James A Fitzpatrick,Oswego,NY,Lake Ontario,43.52308774,-76.39829812,271,21624219,ONCE-THROUGH FRESH,NUCLEAR,SW,FR,756,6.98,344,5670,5.44,8.51,"7,382,237"
6112,Fort St Vrain,Weld,CO,So Platte River/St Vrain Creek,40.24454555,-104.8746446,4793,226531,RECIRCULATING TOWER,NGCC,SW,FR,2.88,2.05,1.82,5.35,1.97,2.27,"3,468,266"
6113,Gibson,Gibson,IN,Gibson Lake,38.37190537,-87.7659982,412,10381977,RECIRCULATING POND,COAL,SW,FR,15.2,15.2,12.1,18.3,12.1,18.3,"14,585,886"
6115,Seabrook,Rockingham,NH,Atlantic Ocean,42.89878908,-70.84901868,0,5849450,ONCE-THROUGH SALINE,NUCLEAR,SW,SA,943,0,802,2000,0,0,"9,484,204"
6118,PSEG Hope Creek Generating Station,Salem,NJ,Delaware River,39.46684181,-75.53738976,11,24903630,RECIRCULATING TOWER,NUCLEAR,SW,FR,21.2,15.1,13.6,37.7,14.7,16,"9,409,357"
6122,R E Ginna Nuclear Power Plant,Wayne,NY,Lake Ontario,43.27766408,-77.30890471,272,21632807,ONCE-THROUGH FRESH,NUCLEAR,SW,FR,494,4.42,225,3720,3.45,5.39,"4,801,391"
6124,McIntosh,Effingham,GA,Savannah River,32.35700682,-81.17130995,58,20105909,ONCE-THROUGH FRESH,COAL,SW,FR,13.5,0.19,6.08,106,0.15,0.23,"93,260"
6127,V C Summer,Fairfield,SC,Broad River,34.29811871,-81.31481313,435,9707904,ONCE-THROUGH FRESH,NUCLEAR,SW,FR,742,7.54,339,5480,5.88,9.2,"7,115,397"
6136,Gibbons Creek,Grimes,TX,Gibbons Creek,30.62026377,-96.08178423,286,5577627,ONCE-THROUGH FRESH,COAL,SW,OT,198,2.24,90.6,1460,1.75,2.73,"2,184,313"
6137,A B Brown,Posey,IN,Ohio River,37.90558048,-87.71508437,415,10157317,RECIRCULATING TOWER,COAL,SW,FR,4.88,3.49,3.15,8.69,3.42,3.68,"2,459,453"
6138,Flint Creek,Benton,AR,Flint Creek Reservoir,36.25567631,-94.52413333,1155,399464,ONCE-THROUGH FRESH,COAL,SW,FR,261,2.97,119,1940,2.32,3.63,"3,041,196"
6139,Welsh,Titus,TX,Swauano Creek Reserv,33.05472039,-94.84028335,347,1009160,COMPLEX,COAL,SW,FR,583,6.81,8.17,4340,5.3,9.56,"6,130,440"
6145,Comanche Peak,Somervell,TX,Squaw Creek,32.29826679,-97.78550151,837,5512470,ONCE-THROUGH FRESH,NUCLEAR,SW,FR,2110,28.1,961,15600,21.9,34.3,"19,954,124"
6146,Martin Lake,Rusk,TX,Martin Lake,32.25978685,-94.57063266,312,5279756,ONCE-THROUGH FRESH,COAL,SW,FR,974,11.2,445,7170,8.76,13.7,"9,975,515"
6147,Monticello,Titus,TX,Monticello Reservoir,33.09118754,-95.0383067,380,1010610,ONCE-THROUGH FRESH,COAL,SW,FR,525,6.54,240,3840,5.1,7.97,"4,778,869"
6149,Davis Besse,Ottawa,OH,Lake Erie,41.59677174,-83.08660357,578,904230002,RECIRCULATING TOWER,NUCLEAR,SW,FR,17,12.2,10.8,30.7,11.8,13,"7,893,891"
6152,Sequoyah,Hamilton,TN,Chickamauga Reservoir,35.22603428,-85.09175846,693,25309218,COMPLEX,NUCLEAR,SW,FR,1490,18.6,0,11700,14.5,21.3,"16,511,322"
6153,Callaway,Callaway,MO,Missouri River,38.76079076,-91.78139681,836,5159265,RECIRCULATING TOWER,NUCLEAR,SW,FR,21.2,15.1,13.7,37.6,14.9,15.9,"10,440,082"
6155,Rush Island,Jefferson,MO,Mississippi River,38.13134684,-90.26332304,409,3629181,ONCE-THROUGH FRESH,COAL,SW,FR,516,6.35,232,4030,4.96,7.75,"7,465,222"
6156,New Haven Harbor,New Haven,CT,New Haven Harbor,41.28400487,-72.90433818,0,6178550,ONCE-THROUGH SALINE,COMPLEX,SW,SA,15,0,12.9,32.2,0,0,"118,026"
6165,Hunter,Emery,UT,Cottonwood Creek,39.17358613,-111.0290106,5677,4876691,RECIRCULATING TOWER,COAL,SW,FR,17.8,12.7,11.1,34.5,12,14.6,"9,630,419"
6166,Rockport,Spencer,IN,Ohio River,37.92562102,-87.03455227,400,10110119,RECIRCULATING TOWER,COAL,SW,FR,20.8,14.8,13.4,37,14.6,15.7,"12,442,473"
6168,North Anna,Louisa,VA,North Anna River,38.06052638,-77.78988811,249,8502034,COMPLEX,NUCLEAR,SW,FR,1470,18.6,0,11500,14.5,22.2,"16,270,632"
6170,Pleasant Prairie,Kenosha,WI,Lake Michigan,42.53815179,-87.90372472,687,14783719,RECIRCULATING TOWER,COAL,SW,FR,12,8.57,7.59,21.4,8.23,9.06,"6,659,324"
6177,Coronado,Apache,AZ,Wells,34.57781365,-109.2724762,5803,19895759,RECIRCULATING TOWER,COAL,GW,FR,9.22,6.58,5.82,17.6,6.31,7.44,"4,935,387"
6178,Coleto Creek,Goliad,TX,Coleto Creek Reservoir,28.71298114,-97.21426937,100,1639297,ONCE-THROUGH FRESH,COAL,SW,FR,281,3.39,128,2060,2.64,4.13,"3,211,787"
6179,Fayette Power Project,Fayette,TX,Fayette County Lake,29.91589933,-96.75188846,360,5791766,RECIRCULATING POND,COAL,SW,FR,10.1,10.1,8.04,12.1,8.04,12.1,"8,727,176"
6180,Oak Grove (TX),Robertson,TX,Twin Oak Reservoir,31.18208117,-96.48776062,434,5575749,ONCE-THROUGH FRESH,COAL,SW,FR,1050,12.6,477,7700,9.79,15.3,"11,925,993"
6181,J T Deely,Bexar,TX,San Antonio River,29.3077113,-98.32289787,492,10840882,ONCE-THROUGH FRESH,COAL,SW,FR,301,3.61,138,2210,2.81,4.4,"3,197,035"
6183,San Miguel,Atascosa,TX,Wells,28.70432859,-98.47646446,331,10828642,RECIRCULATING TOWER,COAL,GW,FR,5.25,3.75,3.41,9.39,3.69,3.98,"2,169,628"
6190,Brame Energy Center,Rapides,LA,Rodemacher Lake,31.3949619,-92.71742857,111,19919274,ONCE-THROUGH FRESH,COMPLEX,SW,FR,494,5.52,226,3630,4.3,6.73,"5,652,965"
6193,Harrington,Potter,TX,Municipality,35.29880938,-101.74673,3566,19983982,RECIRCULATING TOWER,COAL,PD,BE,10.7,7.62,6.79,20,7.36,8.48,"5,753,937"
6194,Tolk,Lamb,TX,Wells,34.18492636,-102.5687704,3745,13475965,RECIRCULATING TOWER,COAL,GW,FR,11.7,8.33,7.44,22.1,8.06,9.35,"6,488,120"
6195,John Twitty Energy Center,Greene,MO,SW Wastewater Treatment Plant,37.15202752,-93.38883566,1262,7607235,RECIRCULATING TOWER,COAL,GW & PD,FR & BE,3.3,2.36,2.14,5.86,2.32,2.48,"1,861,832"
6204,Laramie River Station,Platte,WY,Grayrocks Dam Laramie River,42.10902072,-104.8817305,4590,17483589,RECIRCULATING TOWER,COAL,SW,FR,17.4,12.5,11,32.2,12,13.6,"10,724,956"
6213,Merom,Sullivan,IN,Turtle Creek Reservoir,39.06635497,-87.50991298,490,10286370,ONCE-THROUGH FRESH,COAL,SW,FR,459,4.89,209,3420,3.82,5.97,"5,178,428"
6243,Dansby,Brazos,TX,Lake Bryan,30.72148076,-96.46094236,350,5557166,RECIRCULATING POND,GAS STEAM,SW,FR,0,0,0,0,0,0,"93,702"
6248,Pawnee,Morgan,CO,wells,40.21965514,-103.6787784,4313,215051,RECIRCULATING TOWER,COAL,SW,FR,6.15,4.39,3.88,11.4,4.2,4.85,"3,427,166"
6249,Winyah,Georgetown,SC,Wadmacon Creek,33.33004797,-79.35847701,20,11565228,COMPLEX,COAL,SW,FR,5.68,4.56,2.57,7.42,1.25,5.58,"3,910,602"
6250,Mayo,Person,NC,Mayo Lake (Mayo Creek),36.52738852,-78.89089485,530,8693565,RECIRCULATING TOWER,COAL,SW,FR,4.96,3.54,3.19,8.98,3.45,3.81,"2,902,484"
6251,South Texas Project,Matagorda,TX,Colorado River,28.79479307,-96.04882798,72,9355856,RECIRCULATING POND,NUCLEAR,SW,FR,25.4,25.4,20,30.7,20,30.7,"19,400,553"
6254,Ottumwa,Wapello,IA,Des Moines River,41.0968226,-92.55514979,700,4994571,RECIRCULATING TOWER,COAL,SW,FR,6.34,4.53,4.06,11.3,4.4,4.8,"3,855,966"
6257,Scherer,Monroe,GA,Lake Juliette,33.05980236,-83.80785478,500,6336046,RECIRCULATING TOWER,COAL,SW,FR,33.3,23.8,21.7,59,23.5,25,"16,989,297"
6264,Mountaineer,Mason,WV,Ohio River,38.97859714,-81.93515859,590,19441555,RECIRCULATING TOWER,COAL,SW,FR,12.4,8.88,7.89,22.2,8.56,9.43,"7,463,219"
6285,North Pole,Fairbanks North Star,AK,-NR-,64.73516305,-147.3506113,496,-999,RECIRCULATING TOWER,OIL CC,-nr-,-nr-,0.25,0.18,0.16,0.45,0.18,0.19,"287,679"
6288,Healy,Denali,AK,Nenana River,63.85507657,-148.9506524,1275,-999,ONCE-THROUGH FRESH,COAL,SW,-nr-,31.3,0.26,14.1,240,0.2,0.31,"247,708"
6358,Hutchinson Plant #2,McLeod,MN,Municipal,44.88881356,-94.34953809,1072,2354978,RECIRCULATING TOWER,NGCC,-nr-,-nr-,0.01,0.01,0.01,0.03,0.01,0.01,"9,430"
6462,River Bend,West Feliciana,LA,Mississippi River,30.75667228,-91.33276164,105,19053632,RECIRCULATING TOWER,NUCLEAR,SW,FR,17.4,12.4,11.4,30.7,12.3,13,"6,915,995"
6469,Antelope Valley,Mercer,ND,Lake Sakakawea,47.37145786,-101.8363045,1920,16248553,RECIRCULATING TOWER,COAL,SW,FR,11.2,8.01,7.12,20.6,7.72,8.73,"6,662,529"
6474,Port Allen (HI),Kauai,HI,Pacific Ocean,21.89983717,-159.5857886,0,21569516,ONCE-THROUGH SALINE,OIL,SW,SA,0.44,0,0.34,0.86,0,0,"2,032"
6481,Intermountain Power Project,Millard,UT,DMAD Reservoir,39.51147801,-112.5820091,4700,1197680,RECIRCULATING TOWER,COAL,SW,FR,19.2,13.7,12,37,13,15.7,"10,860,909"
6504,Maalaea,Maui,HI,-NR-,20.80117,-156.492981,6,,RECIRCULATING TOWER,OIL CC,-nr-,-nr-,0.73,0.52,0.48,1.33,0.52,0.56,"563,785"
6558,D G Hunter,Rapides,LA,Wells,31.3209,-92.4619,84,15144060,RECIRCULATING TOWER,GAS STEAM,GW,FR,0,0,0,0,0,0,42
6559,George M Sullivan Generation Plant 2,Anchorage,AK,Municipality,61.22962595,-149.7175497,270,-999,RECIRCULATING TOWER,NGCC,-nr-,-nr-,0.68,0.49,0.44,1.23,0.47,0.52,"554,361"
6639,R D Green,Webster,KY,Green River,37.645877,-87.50030226,400,11617335,RECIRCULATING TOWER,COAL,SW,FR,5.16,3.69,3.32,9.21,3.6,3.9,"2,584,028"
6641,Independence Steam Electric Station,Independence,AR,White River,35.67780031,-91.40846965,240,11832620,RECIRCULATING TOWER,COAL,SW,FR,9.94,7.1,6.44,17.6,6.98,7.47,"5,184,267"
6648,Sandow No 4,Milam,TX,Lake Alcoa,30.56606233,-97.06359572,475,5566231,RECIRCULATING POND,COAL,SW,FR,5.45,5.45,4.54,6.35,4.54,6.35,"4,104,611"
6664,Louisa,Louisa,IA,Wells,41.31744395,-91.09331775,580,14806863,RECIRCULATING TOWER,COAL,GW,FR,6.74,4.81,4.33,11.9,4.69,5.05,"3,995,922"
6705,Warrick,Warrick,IN,Ohio River,37.915,-87.33277778,393,10110339,ONCE-THROUGH FRESH,COAL,SW,FR,458,5.66,206,3580,4.41,6.9,"5,491,581"
6761,Rawhide,Larimer,CO,Municipality,40.8602001,-105.0252926,5690,2898303,RECIRCULATING POND,COAL,PD,BE,2.4,2.4,2.06,2.75,2.06,2.75,"1,933,371"
6768,Sikeston Power Station,Scott,MO,Wells,36.8790231,-89.62093724,300,758572,RECIRCULATING TOWER,COAL,GW,FR,2.27,1.62,1.47,4.04,1.59,1.71,"1,299,004"
6772,Hugo,Choctaw,OK,Kiamichi River,34.0153838,-95.32062194,465,592548,RECIRCULATING TOWER,COAL,SW,FR,4.87,3.48,3.15,8.71,3.42,3.69,"2,477,354"
6823,D B Wilson,Ohio,KY,Green River,37.44880275,-87.07996026,387,11629529,RECIRCULATING TOWER,COAL,SW,FR,6.07,4.34,3.93,10.8,4.26,4.57,"3,250,811"
7013,East 12th Street,Cowley,KS,Municipality,37.23674764,-96.96300203,1178,21135927,RECIRCULATING TOWER,GAS STEAM,-nr-,-nr-,0.01,0.01,0.01,0.02,0.01,0.01,"3,986"
7030,Major Oak Power,Robertson,TX,Wells,31.09294104,-96.69577544,420,5555200,RECIRCULATING TOWER,COAL,GW,FR,5.06,3.61,3.29,9.03,3.56,3.82,"2,434,413"
7097,J K Spruce,Bexar,TX,San Antonio River,29.30888495,-98.32099163,490,10840882,ONCE-THROUGH FRESH,COAL,SW,FR,391,4.75,179,2870,3.71,5.8,"4,525,820"
7130,Puna,Hawaii,HI,Puna Well,19.63126865,-155.0309907,213,21600125,ONCE-THROUGH FRESH,OIL,SW,FR,0.61,0.01,0.28,4.86,0.01,0.01,"4,438"
7153,Hay Road,New Castle,DE,Delaware River,39.74371178,-75.5067862,15,24902756,RECIRCULATING TOWER,NGCC,SW,FR,3.93,2.8,2.54,6.98,2.75,2.96,"4,236,855"
7210,Cope,Orangeburg,SC,Wells,33.36501493,-81.03167842,173,10553480,RECIRCULATING TOWER,COAL,GW,SA,3.64,2.6,2.37,6.46,2.57,2.74,"2,199,703"
7213,Clover,Halifax,VA,Roanoke River,36.86958748,-78.70444982,380,8651552,RECIRCULATING TOWER,COAL,SW,FR,9.41,6.72,6.08,16.6,6.59,7.02,"5,484,916"
7238,Cane Island,Osceola,FL,Municipality,28.27607059,-81.53298386,73,21478164,RECIRCULATING TOWER,NGCC,PD,BE,3.17,2.26,2.07,5.57,2.25,2.36,"3,762,845"
7294,Central Energy Plant,Orange,FL,Municipality,28.42606272,-81.58028274,94,21477628,RECIRCULATING TOWER,NGCC,-nr-,-nr-,0.27,0.2,0.18,0.47,0.19,0.2,"262,794"
7296,State Line Combined Cycle,Jasper,MO,"Municipality, Wells",37.06624354,-94.61309468,990,7590547,RECIRCULATING TOWER,NGCC,GW,FR,1.36,0.97,0.87,2.42,0.95,1.03,"1,786,880"
7302,Hines Energy Complex,Polk,FL,Cooling Ponds,27.78911934,-81.8719806,164,16801587,RECIRCULATING POND,NGCC,SW,FR,5.32,5.32,4.05,6.59,4.05,6.59,"12,598,331"
7307,Redding Power,Shasta,CA,City Of Redding,40.50984038,-122.423798,523,2495214,RECIRCULATING TOWER,NGCC,-nr-,-nr-,0.32,0.23,0.21,0.62,0.22,0.26,"278,059"
7314,Richard M Flynn,Suffolk,NY,Wells,40.81692774,-73.06584061,99,9498328,RECIRCULATING TOWER,NGCC,GW,FR,0.9,0.64,0.57,1.63,0.62,0.69,"1,011,789"
7343,George Neal South,Woodbury,IA,Missouri River,42.30055556,-96.36166667,1074,17244416,ONCE-THROUGH FRESH,COAL,SW,FR,309,3.59,139,2400,2.8,4.38,"4,229,531"
7350,Coyote Springs,Morrow,OR,Wells,45.84861111,-119.6744444,281,24233028,RECIRCULATING TOWER,NGCC,GW,-nr-,1.27,0.91,0.8,2.42,0.87,1.02,"1,671,561"
7380,Midulla Generating Station,Hardee,FL,Wells,27.64102571,-81.9615358,127,16802033,RECIRCULATING POND,NGCC,OT,OT,0.94,0.94,0.69,1.19,0.69,1.19,"2,378,504"
7504,Neil Simpson II,Campbell,WY,Wells,44.28532631,-105.3835631,4422,10902255,RECIRCULATING TOWER,COAL,GW,-nr-,1.37,0.98,0.87,2.52,0.94,1.07,"602,999"
7512,Arthur Von Rosenberg,Bexar,TX,San Antonio River,29.25711404,-98.38428376,515,10840890,RECIRCULATING POND,NGCC,SW,FR,3.33,3.33,3.08,3.59,3.08,3.59,"2,743,265"
7513,ReEnergy Fort Fairfield,Aroostook,ME,Municipality,46.77280257,-67.84801905,444,803111,RECIRCULATING TOWER,BIOMASS,-nr-,-nr-,0.48,0.34,0.3,0.88,0.33,0.37,"236,284"
7527,Carson Ice-Gen Project,Sacramento,CA,Sacramento County Water,38.445701,-121.462681,18,15040683,RECIRCULATING TOWER,NGCC,-nr-,-nr-,0.48,0.34,0.31,0.9,0.33,0.38,"376,547"
7546,Ponca City,Kay,OK,Municipality,36.72072696,-97.08597133,1017,21001771,RECIRCULATING TOWER,NGCC,-nr-,-nr-,0.03,0.02,0.02,0.05,0.02,0.02,"19,642"
7549,Milwaukee County,Milwaukee,WI,Municipality,43.0462129,-88.02762027,738,12163876,RECIRCULATING TOWER,COMPLEX,-nr-,-nr-,0.33,0.24,0.21,0.59,0.23,0.25,"27,967"
7551,SCA Cogen 2,Sacramento,CA,Sacramento City Water,38.52926,-121.398391,43,15036527,RECIRCULATING TOWER,NGCC,-nr-,-nr-,0.84,0.6,0.54,1.58,0.59,0.67,"741,408"
7552,SPA Cogen 3,Sacramento,CA,Sacramento City Water,38.511101,-121.473924,23,15048349,RECIRCULATING TOWER,NGCC,-nr-,-nr-,0.96,0.69,0.61,1.8,0.67,0.76,"991,804"
7604,St Francis Energy Facility,Dunklin,MO,McNainy Aquifer,36.58522611,-90.17806655,315,3665690,RECIRCULATING TOWER,NGCC,GW,FR,0.37,0.26,0.24,0.65,0.26,0.28,"457,571"
7605,River Road Gen Plant,Clark,WA,Wells,45.6497,-122.7256,35,,RECIRCULATING TOWER,NGCC,GW,FR,1.33,0.95,0.86,2.43,0.93,1.03,"1,812,488"
7697,Washington County Cogeneration Facility,Washington,AL,City Water,31.262267,-88.004022,38,21642346,RECIRCULATING TOWER,NGCC,-nr-,-nr-,1.04,0.74,0.68,1.82,0.74,0.77,"833,574"
7698,General Electric Plastic,Lowndes,AL,City Water,32.30863,-86.521758,230,21682262,RECIRCULATING TOWER,NGCC,-nr-,-nr-,0.97,0.69,0.63,1.71,0.68,0.72,"539,838"
7699,Tiger Bay,Polk,FL,Cooling Towers,27.74274236,-81.84970152,156,16801687,RECIRCULATING TOWER,NGCC,GW,FR,1.12,0.8,0.73,1.97,0.79,0.84,"1,129,710"
7701,Fairless Hills,Bucks,PA,Delaware River,40.140549,-74.75054,9,4481815,ONCE-THROUGH FRESH,GAS STEAM,SW,FR,33.2,0.36,14.9,258,0.28,0.44,"257,192"
7710,H Allen Franklin Combined Cycle,Lee,AL,Chattahoochee River,32.60741397,-85.09719316,530,3298156,RECIRCULATING TOWER,NGCC,SW,FR,7.95,5.68,5.19,14,5.63,5.95,"10,743,084"
7721,Theodore Cogen Facility,Mobile,AL,Deer River,30.523144,-88.135522,27,18515694,RECIRCULATING TOWER,NGCC,SW,-nr-,1.04,0.75,0.68,1.83,0.74,0.77,"1,484,992"
7722,Watts Bar Nuclear Plant,Rhea,TN,Chickamauga Lake,35.60235584,-84.78890293,740,25308906,RECIRCULATING TOWER,NUCLEAR,SW,FR,18.6,13.3,12,32.9,13,13.9,"8,449,150"
7737,Kapstone,Charleston,SC,Edisto River,32.9,-79.96666667,22,9645887,COMPLEX,COMPLEX,SW,-nr-,3.03,0.74,0.69,320,0.44,0.78,"536,196"
7757,Chouteau,Mayes,OK,Neosho River,36.22210932,-95.27727834,600,21772931,RECIRCULATING TOWER,NGCC,SW,FR,2.73,1.95,1.76,4.89,1.91,2.07,"3,712,479"
7784,Allegany Cogen,Allegany,NY,Genesee River,42.50292395,-78.06834862,1160,15550635,COMPLEX,NGCC,SW,FR,0.34,0.07,0.07,36.9,0.04,0.08,"106,333"
7790,Bonanza,Uintah,UT,Green River,40.08644922,-109.2862346,5040,5305816,RECIRCULATING TOWER,COAL,SW,FR,5.87,4.19,3.7,11.1,4.01,4.7,"3,406,721"
7805,Sherwood H Smith Jr Energy Complex,Richmond,NC,Pee Dee River,34.83975871,-79.74020322,320,9167570,RECIRCULATING TOWER,NGCC,SW,FR,5.81,4.15,3.76,10.3,4.08,4.38,"8,397,524"
7826,Rowan,Rowan,NC,Municipality,35.73083038,-80.60133487,735,9236175,RECIRCULATING TOWER,NGCC,-nr-,-nr-,1.84,1.32,1.19,3.28,1.29,1.39,"2,649,936"
7832,Roosevelt Biogas 1,Klickitat,WA,Wells,45.801549,-120.167176,1459,,RECIRCULATING TOWER,NGCC,-nr-,-nr-,0.27,0.19,0.17,0.5,0.18,0.21,"154,259"
7834,John S Rainey,Anderson,SC,Lake Richard B  Russell,34.34777692,-82.7762051,600,11735583,RECIRCULATING TOWER,NGCC,SW,FR,2.79,1.99,1.8,5.07,1.95,2.15,"3,709,738"
7845,Lagoon Creek,Haywood,TN,Memphis Sands Aquifer,35.649807,-89.392146,310,14073428,RECIRCULATING TOWER,NGCC,GW,FR,2.47,1.76,1.59,4.39,1.73,1.86,"3,171,240"
7846,Brandy Branch,Duval,FL,Ground Water,30.32027584,-81.94788702,80,18259785,RECIRCULATING TOWER,NGCC,GW,FR,3,2.14,1.96,5.28,2.13,2.24,"3,977,665"
7870,Encogen,Whatcom,WA,Lake Whatcom,48.74805556,-122.4841667,15,24534404,RECIRCULATING TOWER,NGCC,SW,FR,0.37,0.26,0.24,0.67,0.26,0.28,"300,298"
7873,H L Culbreath Bayside Power Station,Hillsborough,FL,Hillsborough Bay,27.90719805,-82.42228573,1,16919040,ONCE-THROUGH SALINE,NGCC,SW,SA,351,0,276,690,0,0,"8,916,431"
7887,Terry Bundy Generating Station,Lancaster,NE,Effluent,40.90959996,-96.61309295,1164,17405525,RECIRCULATING TOWER,NGCC,-nr-,-nr-,0.04,0.03,0.03,0.07,0.03,0.03,"31,658"
7897,E B Harris Electric Generating Plant,Autauga,AL,Alabama River,32.38135556,-86.57413778,170,21686546,RECIRCULATING TOWER,NGCC,SW,FR,5.6,4,3.66,9.91,3.96,4.2,"7,433,315"
7900,Sand Hill,Travis,TX,Colorado River/ SA Reg WWTP,30.21091251,-97.61275269,430,5781929,RECIRCULATING TOWER,NGCC,SW,FR,1.27,0.91,0.82,2.25,0.89,0.95,"1,323,828"
7902,Pirkey,Harrison,TX,Brandy Branch Reserv,32.4610593,-94.48515139,350,5279818,RECIRCULATING POND,COAL,SW,FR,3.99,3.99,2.99,4.98,2.99,4.98,"4,583,206"
7917,Chattahoochee Energy Facility,Heard,GA,Chattahoochee River,33.40734433,-85.03844258,750,3291908,RECIRCULATING TOWER,NGCC,SW,FR,2.05,1.46,1.33,3.64,1.44,1.54,"2,825,731"
7931,Coyote Springs II,Morrow,OR,Municipality,45.84845123,-119.6731446,280,24233028,RECIRCULATING TOWER,NGCC,GW,FR,1.28,0.91,0.8,2.42,0.87,1.02,"1,891,951"
7946,Wansley Unit 9,Heard,GA,Chattahoochee River,33.40829167,-85.04018889,750,3291908,RECIRCULATING TOWER,NGCC,SW,FR,2.06,1.47,1.34,3.63,1.45,1.54,"2,701,206"
7985,Greater Des Moines,Polk,IA,Municipality,41.55548995,-93.52774071,775,22249409,RECIRCULATING TOWER,NGCC,OT,FR,0.19,0.14,0.13,0.33,0.14,0.14,"176,418"
7991,West Campus Cogeneration Facility,Dane,WI,Lake Mendota,43.074903,-89.423839,863,13294310,RECIRCULATING TOWER,NGCC,SW,FR,0.34,0.24,0.21,0.61,0.23,0.26,"216,746"
7999,Grays Harbor Energy Facility,Grays Harbor,WA,Ranney Wells,46.96887,-123.480363,300,23856621,RECIRCULATING TOWER,NGCC,GW,FR,2.41,1.72,1.55,4.36,1.69,1.85,"3,005,284"
8000,Beatrice,Gage,NE,Wells,40.33013982,-96.80872996,1352,18821952,RECIRCULATING TOWER,NGCC,GW,-nr-,0.21,0.15,0.14,0.37,0.15,0.16,"183,712"
8002,Newington,Rockingham,NH,Piscataqua River,43.0995635,-70.79118269,27,5846408,ONCE-THROUGH SALINE,COMPLEX,SW,SA,13.2,0,11.6,29,0,0,"120,123"
8006,Roseton Generating Facility,Orange,NY,Hudson River,41.57128355,-73.97450638,30,6212808,ONCE-THROUGH SALINE,COMPLEX,SW,SA,46,0,39.3,98.2,0,0,"478,032"
8011,Three Mile Island,Dauphin,PA,Susquehanna River,40.15387357,-76.72515491,305,4710042,RECIRCULATING TOWER,NUCLEAR,SW,FR,14.2,10.1,9.01,25.7,9.77,10.9,"6,598,041"
8023,Columbia (WI),Columbia,WI,Wisconsin River,43.48609672,-89.41975981,804,13633689,COMPLEX,COAL,SW,FR,218,5.32,5.51,3200,3.86,6.49,"4,859,658"
8031,Emery Station,Cerro Gordo,IA,Municipality/Wells,43.0943599,-93.29318583,1188,6566555,RECIRCULATING TOWER,NGCC,PD,BE,1.1,0.79,0.7,1.93,0.76,0.82,"1,747,510"
8036,Cooper Nuclear Station,Nemaha,NE,Missouri River,40.36245215,-95.64160231,905,3702488,ONCE-THROUGH FRESH,NUCLEAR,SW,FR,640,7.63,288,4980,5.95,9.31,"6,800,771"
8042,Belews Creek,Stokes,NC,Belews Lake,36.28172824,-80.05937043,724,8679999,ONCE-THROUGH FRESH,COAL,SW,FR,944,10.5,431,6980,8.21,12.8,"12,498,933"
8048,Anclote,Pasco,FL,Anclote River,28.18411654,-82.7881427,3,16933174,ONCE-THROUGH SALINE,GAS STEAM,SW,SA,292,0,227,569,0,0,"2,723,353"
8054,Gerald Andrus,Washington,MS,Lake Ferguson,33.35020473,-91.11859581,150,18057726,ONCE-THROUGH FRESH,GAS STEAM,SW,FR,46.8,0.73,21,370,0.57,0.9,"513,619"
8055,Arkansas Nuclear One,Pope,AR,Lake Dardenelle,35.3100964,-93.23166981,360,7771753,COMPLEX,NUCLEAR,SW,FR,611,19.3,10.4,4670,6.13,22.7,"13,837,794"
8056,Waterford 1 & 2,St Charles,LA,Mississippi River,29.99887388,-90.47690086,12,22363775,ONCE-THROUGH FRESH,GAS STEAM,SW,FR,110,1.47,49.5,864,1.15,1.79,"1,332,783"
8059,Comanche (OK),Comanche,OK,City Of Lawton Treat,34.54354872,-98.32478095,1115,673480,RECIRCULATING POND,NGCC,PD,BE,0.64,0.64,0.58,0.69,0.58,0.69,"363,326"
8066,Jim Bridger,Sweetwater,WY,Green River,41.73727725,-108.7869257,6670,3387697,RECIRCULATING TOWER,COAL,SW,FR,24.4,17.5,15.4,45.7,16.6,19.4,"13,439,341"
8068,Santan,Maricopa,AZ,Eastern Canal (SRP),33.33342486,-111.7517134,1260,21270494,RECIRCULATING TOWER,NGCC,SW,FR,3.35,2.39,2.13,6.87,2.31,2.91,"3,521,463"
8069,Huntington,Emery,UT,Huntington Creek,39.37921497,-111.079484,6460,4876411,RECIRCULATING TOWER,COAL,SW,FR,11.3,8.08,7.04,21.9,7.63,9.26,"5,988,318"
8073,Beaver,Columbia,OR,Columbia River,46.17390911,-123.1744216,13,24521190,RECIRCULATING TOWER,NGCC,SW,FR,0.5,0.36,0.33,0.92,0.35,0.39,"308,269"
8102,General James M Gavin,Gallia,OH,Ohio River,38.93542602,-82.11746527,567,19443465,RECIRCULATING TOWER,COAL,SW,FR,23.1,16.5,14.7,41.3,15.9,17.5,"14,171,621"
8219,Ray D Nixon,El Paso,CO,Wells,38.6335018,-104.7062599,5490,1530429,RECIRCULATING TOWER,COAL,GW,FR,2.65,1.89,1.67,4.98,1.81,2.11,"1,551,911"
8222,Coyote,Mercer,ND,Missouri River,47.22183326,-101.8158916,1960,16249845,RECIRCULATING TOWER,COAL,SW,FR,3.78,2.7,2.4,6.93,2.61,2.94,"1,921,138"
8223,Springerville,Apache,AZ,Wells,34.31787821,-109.1643565,6985,21762216,RECIRCULATING TOWER,COAL,GW,FR,19.6,14,12.3,37.7,13.3,16,"10,047,182"
8224,North Valmy,Humboldt,NV,Wells,40.88070376,-117.1526812,4460,11202846,RECIRCULATING TOWER,COAL,GW,FR,3.17,2.26,1.98,6.08,2.15,2.58,"1,425,257"
8226,Cheswick Power Plant,Allegheny,PA,Allegheny River,40.5382441,-79.79002367,757,11050038,COMPLEX,COAL,SW,FR,165,1.96,2.51,1300,1.52,3.04,"1,940,463"
8906,Astoria Generating Station,Queens,NY,East River,40.78744247,-73.91291275,10,26408402,ONCE-THROUGH SALINE,GAS STEAM,SW,SA,98.6,0,82.4,206,0,0,"905,529"
8907,Indian Point 3,Westchester,NY,Hudson River,41.26905811,-73.95301881,55,6229110,ONCE-THROUGH SALINE,NUCLEAR,SW,SA,839,0,701,1750,0,0,"7,609,292"
10003,Colorado Energy Nations Company,Jefferson,CO,Clear Creek,39.76055556,-105.215,5636,2885146,RECIRCULATING TOWER,COMPLEX,SW,FR,1.38,0.99,0.88,2.58,0.95,1.09,"172,431"
10012,Covanta Warren Energy,Warren,NJ,Wells,40.82044125,-75.01122112,581,2587869,RECIRCULATING TOWER,BIOMASS,GW,FR,0.28,0.2,0.18,0.51,0.19,0.21,"74,260"
10013,Covanta Hennepin Energy,Hennepin,MN,Minneapolis Utilities,44.983294,-93.28028821,820,1104332,RECIRCULATING TOWER,BIOMASS,-nr-,-nr-,0.62,0.44,0.39,1.11,0.42,0.47,"182,418"
10030,NRG Energy Center Dover,Kent,DE,Wells,39.150106,-75.545453,40,8074674,RECIRCULATING TOWER,NGCC,GW,-nr-,0.23,0.17,0.15,0.41,0.17,0.18,"236,919"
10034,Gilroy Power Plant,Santa Clara,CA,Reclaimed SCWRA water,37.000414,-121.536828,176,17661685,RECIRCULATING TOWER,NGCC,GW,-nr-,0.15,0.11,0.1,0.29,0.1,0.12,"138,224"
10043,Logan Generating Company LP,Gloucester,NJ,Delaware River,39.792379,-75.407174,9,4496362,RECIRCULATING TOWER,COAL,SW,FR,1.03,0.74,0.66,1.84,0.71,0.78,"577,780"
10052,Fairhaven Power,Humboldt,CA,Municipality,40.79975116,-124.2029918,24,8317475,RECIRCULATING TOWER,BIOMASS,-nr-,-nr-,0.34,0.24,0.22,0.58,0.24,0.25,"119,446"
10062,Miami Dade County Resource Recovery Fac,Miami Dade,FL,Wells,25.83639845,-80.35695805,3,83882,RECIRCULATING TOWER,BIOMASS,GW,-nr-,1.99,1.42,1.3,3.51,1.41,1.49,"349,126"
10071,Portsmouth Genco LLC,Portsmouth City,VA,Wells,36.87019669,-76.3523477,12,10055506,RECIRCULATING TOWER,COAL,GW,SA,0.17,0.12,0.11,0.31,0.12,0.13,"65,740"
10075,Taconite Harbor Energy Center,Cook,MN,Lake Superior,47.5309063,-90.91138041,633,4799824,ONCE-THROUGH FRESH,COAL,SW,FR,102,0.84,46.3,772,0.65,1.02,"1,051,950"
10090,Commerce Refuse To Energy,Los Angeles,CA,Municipality,33.99495385,-118.1540157,142,22518268,RECIRCULATING TOWER,BIOMASS,-nr-,-nr-,0.27,0.19,0.18,0.5,0.19,0.21,"80,957"
10099,Pedricktown Cogeneration Company LP,Salem,NJ,Oswegatchie,39.764772,-75.422531,14,24903440,RECIRCULATING TOWER,NGCC,SW,FR,0.3,0.21,0.2,0.53,0.21,0.22,"268,888"
10113,John B Rich Memorial Power Station,Schuylkill,PA,Mine Shaft,40.79027778,-76.19833333,1693,4518634,RECIRCULATING TOWER,COAL,-nr-,-nr-,0.33,0.24,0.21,0.61,0.23,0.26,"631,819"
10118,Harrisburg Facility,Dauphin,PA,Harrisburg POTW,40.24420724,-76.85395625,375,4709834,RECIRCULATING TOWER,BIOMASS,-nr-,-nr-,0.53,0.38,0.34,0.96,0.37,0.41,"115,534"
10143,Colver Power Project,Cambria,PA,Vetera Reservoir,40.55092,-78.8023,1896,4751592,RECIRCULATING TOWER,COAL,SW,FR,1.56,1.11,1,2.8,1.09,1.19,"829,279"
10148,White Pine Electric Power,Ontonagon,MI,Lake Superior,46.76407864,-89.56765502,869,6789533,ONCE-THROUGH FRESH,GAS STEAM,SW,-nr-,0.82,0.01,0.37,6.19,0.01,0.01,"5,848"
10151,Grant Town Power Plant,Marion,WV,Monongahela River,39.56199821,-80.16293061,1262,3769488,RECIRCULATING TOWER,COAL,SW,FR,1.42,1.01,0.9,2.58,0.98,1.09,"515,588"
10156,Fresno Cogen Partners,Fresno,CA,Well,36.616933,-120.099478,189,17136404,RECIRCULATING TOWER,NGCC,GW,-nr-,0.02,0.02,0.01,0.04,0.01,0.02,"14,239"
10168,Cardinal Cogen,Santa Clara,CA,Municipality,37.429848,-122.176284,100,,RECIRCULATING TOWER,NGCC,-nr-,-nr-,0.14,0.1,0.09,0.24,0.1,0.1,"90,622"
10169,Carson Cogeneration,Los Angeles,CA,Municipality,33.875932,-118.249331,116,20366297,RECIRCULATING TOWER,NGCC,-nr-,-nr-,0.06,0.04,0.04,0.11,0.04,0.05,"33,199"
10190,Castleton Energy Center,Rensselaer,NY,Moordener Kill,42.53956461,-73.74531198,14,6186116,RECIRCULATING TOWER,NGCC,GW & SW,FR,0.33,0.24,0.22,0.6,0.23,0.25,"283,835"
10250,Bay County Waste to Energy,Bay,FL,Well,30.26567699,-85.52103601,58,2178635,RECIRCULATING TOWER,BIOMASS,GW,FR,0.28,0.2,0.18,0.49,0.2,0.21,"54,746"
10294,King City Power Plant,MONTEREY,CA,Well Water,36.225339,-121.127617,342,8203515,RECIRCULATING TOWER,NGCC,GW,-nr-,0.5,0.35,0.32,0.93,0.35,0.39,"441,613"
10300,Desert View Power,Riverside,CA,Wells,33.58634433,-116.0878751,-175,22594827,RECIRCULATING TOWER,BIOMASS,GW,-nr-,1.11,0.79,0.68,2.22,0.74,0.94,"323,076"
10333,Florida Power Development,Hernando,FL,Wells,28.58194444,-82.43111111,185,16949480,RECIRCULATING POND,BIOMASS,SW,FR,0.67,0.67,0.51,0.83,0.51,0.83,"203,917"
10342,Foster Wheeler Martinez,Contra Costa,CA,Wells,38.02444444,-122.0588889,11,2785403,RECIRCULATING TOWER,NGCC,GW,-nr-,0.68,0.48,0.44,1.22,0.48,0.52,"742,361"
10343,Foster Wheeler Mt Carmel Cogen,Northumberland,PA,Consumers Pa Water Co,40.80916667,-76.45388889,1401,4517604,RECIRCULATING TOWER,COAL,-nr-,-nr-,0.58,0.42,0.37,1.06,0.4,0.45,"294,021"
10346,Hillman Power LLC,Montmorency,MI,Village Of Hillman,45.06876019,-83.89312081,746,12960269,RECIRCULATING TOWER,BIOMASS,-nr-,-nr-,0.24,0.17,0.15,0.43,0.17,0.18,"133,184"
10350,Greenleaf 1 Power Plant,Sutter,CA,Well,39.052536,-121.695997,39,7975787,COMPLEX,NGCC,GW,-nr-,0,0,0,0.01,0,0.01,"33,146"
10354,ReEnergy Livermore Falls,Androscoggin,ME,Androscoggin River,44.43166603,-70.16214136,409,6712419,RECIRCULATING TOWER,BIOMASS,SW,-nr-,0.6,0.43,0.38,1.09,0.41,0.46,"285,476"
10356,ReEnergy Ashland,Aroostook,ME,Big Machis River,46.63534073,-68.43496974,574,804973,RECIRCULATING TOWER,BIOMASS,SW,-nr-,0.55,0.39,0.35,1.01,0.38,0.43,"267,103"
10377,James River Genco LLC,Hopewell City,VA,Municipality,37.293639,-77.270087,40,10067561,RECIRCULATING TOWER,COAL,OT,OT,0,0,0,0,0,0,"68,146"
10378,CPI USA NC Southport,Brunswick,NC,Municipality/Wells,33.944406,-78.011551,20,8835706,RECIRCULATING TOWER,BIOMASS,OT,OT,1.04,0.75,0.68,1.83,0.74,0.78,"503,619"
10379,CPI USA NC Roxboro,Person,NC,Municipality,36.435317,-78.960742,568,8698987,RECIRCULATING TOWER,COMPLEX,-nr-,-nr-,0.75,0.53,0.48,1.31,0.53,0.56,"283,744"
10382,Lumberton,Robeson,NC,MUNICIPALITY,34.59,-78.9968,113,,RECIRCULATING TOWER,BIOMASS,-nr-,-nr-,0.02,0.01,0.01,0.03,0.01,0.01,"20,109"
10384,Edgecombe Genco LLC,Edgecombe,NC,Municipality,36.03705,-77.753008,108,8755611,RECIRCULATING TOWER,COAL,SW,FR,0.13,0.09,0.08,0.24,0.09,0.1,"78,478"
10395,GRS Coyote Canyon,Orange,CA,City Of Irvine,33.61293337,-117.8218313,815,20355546,RECIRCULATING TOWER,GAS STEAM,-nr-,-nr-,0.18,0.13,0.11,0.34,0.12,0.14,"26,824"
10405,Kingsburg Cogen,Fresno,CA,Process Water,36.53972222,-119.5794444,304,17152902,RECIRCULATING TOWER,NGCC,-nr-,-nr-,0.09,0.07,0.06,0.19,0.06,0.08,"55,691"
10435,Camden Resource Recovery Facility,Camden,NJ,Camden Well Water,39.90942848,-75.11611115,19,4495950,RECIRCULATING TOWER,BIOMASS,GW,FR,0.7,0.5,0.45,1.26,0.48,0.53,"168,356"
10464,ReEnergy Black River,Jefferson,NY,Black River,44.03653678,-75.77145455,627,15484689,ONCE-THROUGH FRESH,BIOMASS,SW,FR,39.6,0.4,17.9,307,0.31,0.49,"279,461"
10495,Rumford Cogeneration,Oxford,ME,Androscoggin River,44.551747,-70.541103,455,6710327,RECIRCULATING TOWER,COMPLEX,SW,FR,3.06,2.18,1.93,5.59,2.1,2.37,"519,042"
10503,Wheelabrator Hudson Falls,Washington,NY,Hudson River,43.30545707,-73.59174042,231,22288359,ONCE-THROUGH FRESH,BIOMASS,SW,FR,13,0.13,5.85,101,0.1,0.16,"72,967"
10525,Craven County Wood Energy LP,Craven,NC,Wells and Craven Cty Wtr Dept,35.1286138,-77.16908035,31,10976523,RECIRCULATING TOWER,BIOMASS,-nr-,-nr-,0.93,0.66,0.61,1.64,0.66,0.69,"368,877"
10566,Chambers Cogeneration LP,Salem,NJ,Salem Canal,39.694291,-75.485433,4,24903448,RECIRCULATING TOWER,COAL,SW,FR,1.13,0.8,0.72,2,0.78,0.85,"710,119"
10567,Algonquin Windsor Locks,Hartford,CT,Windsor Locks Canal,41.923647,-72.625811,60,7700008,ONCE-THROUGH FRESH,NGCC,SW,-nr-,1.6,0.02,0.72,12.4,0.01,0.02,"112,014"
10593,Agrilectric Power Partners Ltd,Calcasieu,LA,Rainwater,30.20005753,-93.12706489,18,15087981,RECIRCULATING POND,BIOMASS,-nr-,-nr-,0.12,0.12,0.09,0.16,0.09,0.16,"89,348"
10603,Ebensburg Power,Cambria,PA,Wilmore Dam,40.454592,-78.747819,2175,4752672,RECIRCULATING TOWER,COAL,SW,FR,0.56,0.4,0.35,1,0.38,0.43,"196,980"
10617,CH Resources Beaver Falls,Lewis,NY,Beaver River,43.886301,-75.432962,761,15514794,ONCE-THROUGH FRESH,NGCC,SW,FR,0.18,0,0.08,1.38,0,0,"2,966"
10620,Carthage Energy LLC,Jefferson,NY,Black River,43.98532056,-75.62259689,685,15514552,ONCE-THROUGH FRESH,NGCC,SW,FR,0.6,0.01,0.27,4.65,0.01,0.01,"10,062"
10621,CH Resources Syracuse,Onondaga,NY,Onondaga CountyWater Authority,43.06676667,-76.22441778,394,21974313,RECIRCULATING TOWER,NGCC,-nr-,-nr-,0.03,0.02,0.02,0.05,0.02,0.02,"26,768"
10629,Wheelabrator Baltimore Refuse,Baltimore City,MD,Gywnns Falls,39.27050158,-76.62982257,15,11690186,ONCE-THROUGH FRESH,BIOMASS,SW,-nr-,54,0.65,24.3,422,0.51,0.79,"321,901"
10633,Hopewell Cogeneration,Prince George,VA,Municipality,37.298,-77.287719,47,10067143,RECIRCULATING TOWER,NGCC,-nr-,-nr-,1.43,1.02,0.92,2.58,1,1.09,"1,506,532"
10641,Cambria Cogen,Cambria,PA,Wilmore Reservoir,40.474586,-78.702208,2185,4753718,RECIRCULATING TOWER,COAL,SW,FR,1.29,0.92,0.82,2.32,0.89,0.98,"602,336"
10642,Covanta Hempstead,Nassau,NY,Wells And Municipality,40.73860192,-73.59016447,93,9498466,RECIRCULATING TOWER,BIOMASS,-nr-,-nr-,1.92,1.37,1.22,3.5,1.33,1.48,"573,666"
10646,Covanta Southeastern Connecticut Company,New London,CT,Norwich Utilities,41.47566607,-72.06876408,38,6170592,RECIRCULATING TOWER,BIOMASS,-nr-,-nr-,0.49,0.35,0.31,0.86,0.34,0.37,"128,678"
10652,Burney Forest Products,Shasta,CA,Municipality,40.878044,-121.702022,3228,7952064,RECIRCULATING TOWER,BIOMASS,-nr-,-nr-,0.65,0.46,0.41,1.25,0.44,0.53,"222,411"
10671,AES Shady Point LLC,Le Flore,OK,Poteau River,35.19305556,-94.64583333,430,6041432,RECIRCULATING TOWER,COAL,SW,FR,4.02,2.87,2.6,7.19,2.81,3.05,"1,831,142"
10672,Cedar Bay Generating Company LP,Duval,FL,Industrial Waste Water,30.422481,-81.606362,10,16659917,RECIRCULATING TOWER,COAL,OT,BE,0.76,0.54,0.5,1.35,0.54,0.57,"464,885"
10673,AES Hawaii,Honolulu,HI,Wells,21.30333333,-158.1063889,3,21576465,RECIRCULATING TOWER,COAL,GW,SA,2.42,1.73,1.58,4.47,1.72,1.89,"1,258,126"
10678,AES Warrior Run Cogeneration Facility,Allegany,MD,City Of Cumberland Water Suppl,39.596186,-78.746258,650,14363460,RECIRCULATING TOWER,COAL,OT,OT,2.15,1.54,1.37,3.91,1.49,1.66,"1,165,822"
10682,Brush Generation Facility,MORGAN,CO,Municipality,40.242879,-103.630831,4246,215051,RECIRCULATING TOWER,NGCC,GW,FR,0.06,0.05,0.04,0.12,0.04,0.05,"38,928"
10686,Rapids Energy Center,Itasca,MN,Mississippi River,47.233969,-93.537825,1285,4836784,ONCE-THROUGH FRESH,COMPLEX,SW,-nr-,9.04,0.1,4.07,70.1,0.07,0.12,"115,682"
10725,Selkirk Cogen,Albany,NY,Municipality,42.57444444,-73.85916667,190,6185934,RECIRCULATING TOWER,NGCC,GW,FR,1.1,0.78,0.71,2,0.76,0.85,"1,107,358"
10726,Masspower,Hampden,MA,Municipality,42.157592,-72.52255,150,7692457,ONCE-THROUGH FRESH,NGCC,SW,-nr-,37.9,0.48,17,296,0.37,0.58,"876,022"
10741,Clear Lake Cogeneration Ltd,Harris,TX,Municipality,29.62083333,-95.0625,15,1562330,RECIRCULATING TOWER,NGCC,-nr-,-nr-,0.86,0.61,0.56,1.51,0.61,0.64,"463,358"
10743,Morgantown Energy Facility,Monongalia,WV,Monongahela River,39.640114,-79.961803,829,3768864,ONCE-THROUGH FRESH,COAL,SW,-nr-,17.5,0.2,7.87,136,0.16,0.24,"405,911"
10745,Midland Cogeneration Venture,Midland,MI,Tittabawasse River,43.58777778,-84.22277778,600,13047943,RECIRCULATING POND,NGCC,SW,FR,1.41,1.41,1.08,1.75,1.08,1.75,"5,710,750"
10746,Covanta Delaware Valley,Delaware,PA,Municipality,39.82598496,-75.38880573,11,24945761,RECIRCULATING TOWER,BIOMASS,-nr-,-nr-,2.08,1.49,1.34,3.69,1.45,1.56,"594,286"
10751,Camden Plant Holding LLC,Camden,NJ,Municipality,39.91756208,-75.1192661,19,4495950,RECIRCULATING TOWER,NGCC,SW ,FR,0.3,0.21,0.19,0.54,0.21,0.23,"247,932"
10761,Las Vegas Generating Station,Clark,NV,City of North Las Vegas,36.231383,-115.123139,1925,22069786,RECIRCULATING TOWER,NGCC,-nr-,-nr-,0.58,0.41,0.34,1.22,0.37,0.52,"433,522"
10764,Blue Lake Power LLC,Humboldt,CA,City Water,40.87753527,-123.9949211,83,8318053,RECIRCULATING TOWER,BIOMASS,-nr-,-nr-,0.1,0.07,0.07,0.17,0.07,0.07,"28,368"
10765,Indeck Jonesboro Energy Center,Washington,ME,Well,44.6786234,-67.54739156,148,2676906,RECIRCULATING TOWER,BIOMASS,GW,-nr-,0.38,0.27,0.24,0.69,0.26,0.29,"126,925"
10766,Indeck West Enfield Energy Center,Penobscot,ME,Penobscot River,45.25342922,-68.62777674,229,1732304,RECIRCULATING TOWER,BIOMASS,SW,-nr-,0.39,0.28,0.24,0.71,0.26,0.3,"136,218"
10767,Rio Bravo Fresno,Fresno,CA,Municipality,36.68859978,-119.7232053,301,17136404,RECIRCULATING TOWER,BIOMASS,-nr-,-nr-,0.5,0.36,0.32,0.97,0.34,0.41,"191,377"
10771,Hopewell Power Station,Hopewell City,VA,municipality,37.29782919,-77.28353229,48,10067517,RECIRCULATING TOWER,BIOMASS,-nr-,-nr-,0.77,0.55,0.5,1.37,0.54,0.58,"262,577"
10772,Rio Bravo Rocklin,Placer,CA,Municipality,38.83172426,-121.3132964,142,15034153,RECIRCULATING TOWER,BIOMASS,-nr-,-nr-,0.51,0.36,0.33,0.96,0.35,0.41,"185,702"
10773,Altavista Power Station,Campbell,VA,Staunton River,37.11874031,-79.27342808,547,8626289,RECIRCULATING TOWER,BIOMASS,SW,-nr-,0.66,0.47,0.42,1.19,0.46,0.5,"268,695"
10774,Southampton Power Station,Southampton,VA,Wells,36.6525,-76.99527778,18,8726681,RECIRCULATING TOWER,BIOMASS,GW,-nr-,0.5,0.35,0.32,0.88,0.35,0.37,"290,307"
10777,HL Power,Lassen,CA,Wells,40.36842101,-120.2649891,4035,20295821,RECIRCULATING TOWER,BIOMASS,GW,-nr-,0.53,0.38,0.33,1.01,0.36,0.43,"194,998"
10784,Colstrip Energy LP,Rosebud,MT,-NR-,45.883173,-106.614356,3247,13262539,RECIRCULATING TOWER,COAL,GW,-nr-,0.81,0.58,0.51,1.49,0.55,0.63,"313,714"
10805,Kenilworth Energy Facility,Union,NJ,Well,40.677389,-74.273942,97,6261214,RECIRCULATING TOWER,NGCC,GW,FR,0.28,0.2,0.18,0.49,0.2,0.21,"138,372"
10810,NTC/MCRD Energy Facility,San Diego,CA,City Of San Diego,32.735318,-117.208203,10,20332102,COMPLEX,NGCC,-nr-,-nr-,0.92,0.19,0.18,98,0,0.21,"172,858"
10811,Naval Station Energy Facility,San Diego,CA,Navy Pwc,32.679568,-117.122299,12,20332048,RECIRCULATING TOWER,NGCC,-nr-,-nr-,0.27,0.19,0.18,0.5,0.19,0.21,"345,823"
10812,North Island Energy Facility,San Diego,CA,Navy Pwc,32.695214,-117.145449,18,20332040,RECIRCULATING TOWER,NGCC,-nr-,-nr-,0.42,0.3,0.27,0.76,0.3,0.32,"322,659"
10819,Ada Cogeneration LP,Kent,MI,City Water,42.95888889,-85.49083333,631,9008299,RECIRCULATING TOWER,NGCC,-nr-,-nr-,0.01,0.01,0,0.01,0.01,0.01,"166,840"
10822,Grayling Generating Station,Crawford,MI,Wells,44.59229074,-84.69035262,1255,12953018,RECIRCULATING TOWER,BIOMASS,GW,-nr-,0.29,0.21,0.19,0.53,0.2,0.23,"116,340"
10836,Woodland Biomass Power Ltd,Yolo,CA,Municipality,38.69083649,-121.7371446,38,15035077,RECIRCULATING TOWER,BIOMASS,-nr-,-nr-,0.62,0.44,0.39,1.15,0.43,0.49,"191,280"
10837,Covanta Mendota,Fresno,CA,Wells,36.75571209,-120.3652772,163,17140906,RECIRCULATING TOWER,BIOMASS,GW,-nr-,0.01,0.01,0.01,0.02,0.01,0.01,"6,047"
10838,Springfield Power LLC,Sullivan,NH,Wells,43.44291089,-72.05578217,1152,9329068,RECIRCULATING TOWER,BIOMASS,GW,-nr-,0.29,0.21,0.19,0.53,0.2,0.23,"140,516"
10839,DG Whitefield LLC,Coos,NH,Carroll Brook,44.3582947,-71.54519541,1065,4594107,RECIRCULATING TOWER,BIOMASS,-nr-,-nr-,0.32,0.23,0.2,0.59,0.22,0.25,"135,742"
10840,Covanta Delano Energy,Kern,CA,Wells,35.71891575,-119.2341793,320,17162396,RECIRCULATING TOWER,BIOMASS,GW,-nr-,0.71,0.5,0.44,1.38,0.48,0.58,"265,648"
10869,Biomass One LP,Jackson,OR,Medford Water Commission,42.436133,-122.850044,1321,23931062,RECIRCULATING TOWER,BIOMASS,-nr-,-nr-,0.51,0.37,0.33,0.94,0.36,0.4,"152,614"
50002,Pittsfield Generating LP,Berkshire,MA,Wells,42.456747,-73.217486,1018,7710156,RECIRCULATING TOWER,NGCC,GW,-nr-,0.27,0.19,0.17,0.48,0.19,0.2,"259,323"
50071,Palm Beach Renewable Energy Facility 1,Palm Beach,FL,Wells,26.7735694,-80.1419648,17,67144,RECIRCULATING TOWER,BIOMASS,GW,FR,1.1,0.78,0.72,1.92,0.78,0.81,"274,823"
50099,Tamarack Energy Partnership,Adams,ID,Wells,44.954858,-116.386856,4162,24184424,RECIRCULATING TOWER,BIOMASS,GW,-nr-,0.07,0.05,0.05,0.14,0.05,0.06,"29,704"
50109,Paris Energy Center,Lamar,TX,"Pat Mayse , Lamar County",33.69688995,-95.55773619,523,8348565,RECIRCULATING TOWER,NGCC,-nr-,-nr-,0.63,0.45,0.41,1.13,0.45,0.48,"522,688"
50127,CCI Signal Hill LLC,Wichita,TX,Municipality,33.86308388,-98.58966506,1024,13734154,RECIRCULATING TOWER,NGCC,-nr-,-nr-,0.02,0.01,0.01,0.03,0.01,0.01,"5,303"
50201,Rabun Gap Cogen Facility,Rabun,GA,Little Tennessee River,34.95475014,-83.37888431,2142,19737071,RECIRCULATING TOWER,BIOMASS,SW,FR,0.41,0.29,0.27,0.73,0.29,0.31,"102,492"
50208,Pinetree Power,Grafton,NH,Ammonoosuc River,44.32744998,-71.68015584,1055,4594215,RECIRCULATING TOWER,BIOMASS,SW,-nr-,0.27,0.19,0.17,0.49,0.18,0.21,"100,255"
50215,York County Resource Recovery,York,PA,Private Water Company,40.00168148,-76.71800609,498,4721899,RECIRCULATING TOWER,COMPLEX,-nr-,-nr-,0.97,0.69,0.62,1.71,0.67,0.72,"222,261"
50225,Regional Waste Systems,Cumberland,ME,Portland/Cooling Tower,43.65544313,-70.33489493,41,6721539,RECIRCULATING TOWER,BIOMASS,-nr-,-nr-,0.3,0.21,0.19,0.54,0.21,0.23,"78,226"
50243,Bucksport Generation LLC,Hancock,ME,Penobscot River,44.5738,-68.8046,20,,ONCE-THROUGH SALINE,BIOMASS,SW,BR,0.42,0,0.38,0.95,0,0,"87,546"
50273,Pioneer Valley Resource Recovery,Hampden,MA,Municipality,42.09084817,-72.59050722,62,7698936,RECIRCULATING TOWER,BIOMASS,-nr-,-nr-,0.2,0.14,0.13,0.37,0.14,0.16,"42,229"
50279,Archbald Power Station,Lackawanna,PA,White Oak,41.484919,-75.540336,928,2600091,RECIRCULATING TOWER,GAS STEAM,-nr-,-nr-,0.38,0.27,0.24,0.69,0.26,0.29,"134,369"
50290,SEMASS Resource Recovery,Plymouth,MA,Wells,41.8022,-70.7875,70,,COMPLEX,BIOMASS,-nr-,-nr-,0.97,0.69,0,3.29,0,1.65,"587,583"
50292,Bethpage Power Plant,Nassau,NY,Wells,40.74653013,-73.49899093,115,9498526,RECIRCULATING TOWER,NGCC,GW,FR,0.76,0.55,0.49,1.39,0.53,0.59,"658,936"
50293,Wadham Energy LP,Colusa,CA,Wells,39.1021431,-122.1110644,94,2849931,RECIRCULATING TOWER,BIOMASS,GW,-nr-,0.38,0.27,0.24,0.71,0.26,0.3,"154,009"
50385,Newark Bay Cogeneration Partnership LP,Essex,NJ,City Of Newark,40.71972222,-74.13,10,6251384,RECIRCULATING TOWER,NGCC,SW ,FR,0.58,0.41,0.37,1.08,0.4,0.46,"492,690"
50407,Mobile Energy Services LLC,Mobile,AL,Mobile Area Water And Sewer,30.737122,-88.048747,22,18524299,RECIRCULATING TOWER,COMPLEX,-nr-,-nr-,0.65,0.46,0.43,1.14,0.46,0.48,"376,327"
50449,Indeck Silver Springs Energy Center,Wyoming,NY,Wells,42.654076,-78.077365,1413,15549083,COMPLEX,NGCC,GW,FR,0.03,0.02,0,0.09,0,0.4,"112,079"
50450,Indeck Oswego Energy Center,Oswego,NY,Municipality,43.45855,-76.530967,254,21632367,ONCE-THROUGH FRESH,NGCC,SW,-nr-,3.95,0.04,1.8,29.6,0.03,0.05,"88,781"
50451,Indeck Yerkes Energy Center,Erie,NY,Municipality,42.967161,-78.918092,596,15569805,RECIRCULATING TOWER,NGCC,-nr-,-nr-,0.15,0.11,0.1,0.27,0.1,0.11,"121,260"
50458,Indeck Corinth Energy Center,Saratoga,NY,Hudson River,43.249349,-73.809336,518,22287929,RECIRCULATING TOWER,NGCC,SW,FR,0.68,0.49,0.43,1.25,0.47,0.53,"762,007"
50472,Covanta Niagara LP,Niagara,NY,Niagara River & Municipality,43.08388889,-79.00555556,581,15568083,RECIRCULATING TOWER,BIOMASS,-nr-,-nr-,1.8,1.28,1.15,3.24,1.25,1.37,"168,939"
50497,Bayonne Plant Holding LLC,Hudson,NJ,Municipality,40.655396,-74.112223,7,6261776,RECIRCULATING TOWER,NGCC,-nr-,-nr-,0.04,0.03,0.03,0.08,0.03,0.03,"395,763"
50498,Capital District Energy Center,Hartford,CT,Metropolitan Water District,41.764031,-72.692299,51,7700182,RECIRCULATING TOWER,NGCC,-nr-,-nr-,0.13,0.09,0.08,0.23,0.09,0.1,"84,584"
50541,Harbor Cogen,Los Angeles,CA,Municipality,33.78022737,-118.2401363,10,20366299,RECIRCULATING TOWER,NGCC,-nr-,-nr-,0.05,0.04,0.03,0.09,0.04,0.04,"28,071"
50555,Rosemary Power Station,Halifax,NC,Municipality,36.45245634,-77.66050096,168,10449928,RECIRCULATING TOWER,NGCC,-nr-,-nr-,0.16,0.11,0.1,0.28,0.11,0.12,"112,852"
50558,Oklahoma Cogeneration Project,Oklahoma,OK,Municipality,35.432695,-97.641057,1246,393360,RECIRCULATING TOWER,NGCC,-nr-,-nr-,0.05,0.04,0.04,0.1,0.04,0.04,"58,303"
50560,Pacific-Ultrapower Chinese Station,Tuolumne,CA,Wells,37.87453662,-120.4772624,1386,17078387,COMPLEX,BIOMASS,GW,-nr-,0.08,0.06,0,0.66,0,0.32,"133,799"
50561,Eagle Point Power Generation,Gloucester,NJ,Delaware River,39.875083,-75.158371,13,4496082,RECIRCULATING TOWER,NGCC,SW,FR,0.68,0.49,0.44,1.24,0.48,0.52,"554,772"
50572,CSL Gas Recovery,Broward,FL,Municipality,26.287966,-80.166526,11,,RECIRCULATING TOWER,NGCC,-nr-,-nr-,0.21,0.15,0.13,0.37,0.15,0.16,"44,233"
50611,Westwood Generation LLC,Schuylkill,PA,Well,40.61905344,-76.45064492,1284,4707680,RECIRCULATING TOWER,COAL,GW,-nr-,0.68,0.48,0.43,1.23,0.47,0.52,"202,843"
50629,Covanta Lake County Energy,Lake,FL,Wells,28.74029937,-81.88935293,100,16636562,RECIRCULATING TOWER,BIOMASS,GW,FR,0.35,0.25,0.23,0.61,0.25,0.26,"80,616"
50630,Covanta Marion Inc,Marion,OR,Wells,45.048133,-122.962739,186,23801448,RECIRCULATING TOWER,BIOMASS,GW,-nr-,0.31,0.22,0.2,0.55,0.21,0.23,"86,318"
50632,Covanta Stanislaus Energy,Stanislaus,CA,Wells,37.38569585,-121.1410718,349,2827038,RECIRCULATING TOWER,BIOMASS,GW,-nr-,0.55,0.39,0.35,1.02,0.38,0.43,"151,767"
50648,Covanta Bristol Energy,Hartford,CT,Municipality,41.64960152,-72.91566296,207,6174402,RECIRCULATING TOWER,BIOMASS,-nr-,-nr-,0.35,0.25,0.22,0.62,0.24,0.26,"108,604"
50650,ReEnergy Stratton LLC,Franklin,ME,Wells,45.14050841,-70.42576586,1166,1032611,RECIRCULATING TOWER,BIOMASS,GW,-nr-,0.53,0.38,0.33,0.98,0.36,0.42,"278,755"
50657,Montgomery County Resource Recovery,Montgomery,MD,Mirant Discharge Canal,39.20068478,-77.45522564,346,4505898,RECIRCULATING TOWER,BIOMASS,-nr-,-nr-,1.11,0.8,0.72,1.97,0.78,0.84,"329,219"
50658,Covanta Fairfax Energy,Fairfax,VA,Municipality,38.69577433,-77.24111684,185,22340483,RECIRCULATING TOWER,BIOMASS,SW,FR,1.68,1.2,1.08,3.01,1.17,1.27,"521,433"
50666,Pasco Cnty Solid Waste Resource Recovery,Pasco,FL,Municipality,28.36997811,-82.56022188,47,16933608,RECIRCULATING TOWER,BIOMASS,-nr-,-nr-,0.7,0.5,0.46,1.22,0.49,0.52,"186,312"
50707,JM Shafer Generating Station,Weld,CO,Municipality,40.09861111,-104.7736111,5001,225621,RECIRCULATING TOWER,NGCC,-nr-,-nr-,0.95,0.68,0.6,1.78,0.65,0.76,"702,577"
50739,Pinetree Power Tamworth,Carroll,NH,Wells,43.835413,-71.197445,463,9315895,RECIRCULATING TOWER,BIOMASS,GW,-nr-,0.51,0.36,0.32,0.92,0.35,0.39,"154,444"
50744,Sterling Power Plant,Oneida,NY,Municipality,43.08055556,-75.60194444,467,22024114,RECIRCULATING TOWER,NGCC,-nr-,-nr-,0.02,0.02,0.02,0.05,0.02,0.02,"21,665"
50748,Agnews Power Plant,Santa Clara,CA,Municipality,37.411169,-121.927233,26,17694053,RECIRCULATING TOWER,NGCC,-nr-,-nr-,0.04,0.03,0.02,0.07,0.03,0.03,"31,849"
50770,Viking Energy of McBain,Missaukee,MI,Wells,44.20409328,-85.2207017,1256,12130228,RECIRCULATING TOWER,BIOMASS,GW,-nr-,0.23,0.16,0.14,0.4,0.15,0.17,"144,911"
50772,Viking Energy of Lincoln,Alcona,MI,Wells,44.68023381,-83.41877777,811,12951000,RECIRCULATING TOWER,BIOMASS,GW,-nr-,0.24,0.17,0.16,0.44,0.17,0.19,"143,935"
50774,Telogia Power,Liberty,FL,Wells,30.33494171,-84.8182088,115,10365158,RECIRCULATING TOWER,BIOMASS,GW,-nr-,0.38,0.27,0.25,0.66,0.27,0.28,"91,969"
50776,Panther Creek Energy Facility,Carbon,PA,Municipality  Resevoir,40.85538138,-75.87825798,1069,4187303,RECIRCULATING TOWER,COAL,GW,FR,1.45,1.03,0.92,2.63,1,1.12,"471,192"
50799,Parlin Power Plant,Middlesex,NJ,Municipality,40.460544,-74.327315,99,9515754,RECIRCULATING TOWER,COMPLEX,SW,FR,0.07,0.05,0.04,0.13,0.05,0.05,"45,623"
50815,Optim Energy Altura Cogen LLC,Harris,TX,San Jacinto River Basin,29.812639,-95.120642,37,1439165,RECIRCULATING TOWER,NGCC,SW,FR,5.52,3.95,3.61,9.73,3.91,4.12,"3,091,354"
50835,TES Filer City Station,Manistee,MI,Manistee Lake,44.215747,-86.285272,603,12121912,RECIRCULATING TOWER,COMPLEX,SW,FR,1.14,0.81,0.73,2.07,0.79,0.88,"505,019"
50837,Southeast Resource Recovery,Los Angeles,CA,Municipality,33.759058,-118.240576,7,-999,RECIRCULATING TOWER,BIOMASS,-nr-,-nr-,0.83,0.59,0.54,1.54,0.59,0.65,"205,008"
50850,OLS Energy Chino,San Bernardino,CA,Municipality,33.989617,-117.680931,640,22560464,RECIRCULATING TOWER,NGCC,-nr-,-nr-,0.25,0.18,0.16,0.47,0.18,0.2,"224,297"
50851,CSUCI Site Authority,Ventura,CA,Municipality,34.162108,-119.047881,45,17562684,COMPLEX,NGCC,-nr-,-nr-,0.04,0.03,0,0.23,0,0.14,"160,830"
50852,Elmwood Energy Holdings LLC,Bergen,NJ,Municipality,40.904608,-74.129767,41,6251098,RECIRCULATING TOWER,NGCC,SW ,FR,0.05,0.03,0.03,0.09,0.03,0.04,"30,558"
50858,Hillsborough County Resource Recovery,Hillsborough,FL,Municipality,27.954478,-82.340276,39,16918050,RECIRCULATING TOWER,BIOMASS,SW,FR,1.29,0.92,0.84,2.26,0.91,0.96,"273,268"
50859,Lancaster County Resource Recovery,Lancaster,PA,"Municipality, Waste",40.07155746,-76.64398004,349,4722235,RECIRCULATING TOWER,BIOMASS,-nr-,-nr-,0.76,0.54,0.48,1.37,0.53,0.58,"221,544"
50873,Wheelabrator Concord Facility,Merrimack,NH,Merrimack River,43.28658993,-71.57684952,288,6740208,RECIRCULATING TOWER,BIOMASS,SW,-nr-,0.36,0.25,0.23,0.65,0.25,0.28,"101,472"
50875,McKay Bay Facility,Hillsborough,FL,Advanced Wastewater,27.94931399,-82.42108579,3,16918974,RECIRCULATING TOWER,BIOMASS,PD,BE,0.7,0.5,0.46,1.23,0.5,0.52,"141,185"
50876,Wheelabrator Norwalk Energy,Los Angeles,CA,Municipality,33.925594,-118.068689,117,22524985,RECIRCULATING TOWER,NGCC,-nr-,-nr-,0.06,0.05,0.04,0.12,0.05,0.05,"34,613"
50877,Wheelabrator North Andover,Essex,MA,Greater Lawrence Sanitary Dist,42.72618424,-71.1218144,63,6744848,RECIRCULATING TOWER,BIOMASS,-nr-,-nr-,0.87,0.62,0.55,1.58,0.6,0.67,"249,564"
50878,Wheelabrator Millbury Facility,Worcester,MA,Aquarion Water Company,42.22114949,-71.7679848,498,6115752,RECIRCULATING TOWER,BIOMASS,-nr-,-nr-,0.85,0.61,0.55,1.54,0.59,0.65,"325,167"
50879,Wheelabrator Frackville Energy,Schuylkill,PA,Mine Pool,40.782506,-76.175619,1498,4779929,RECIRCULATING TOWER,COAL,-nr-,-nr-,0.74,0.53,0.46,1.33,0.5,0.56,"263,697"
50880,Wheelabrator Saugus,Essex,MA,Saugus River,42.44698225,-70.98059807,15,5863823,ONCE-THROUGH FRESH,BIOMASS,SW,-nr-,37.1,0.4,16.7,287,0.31,0.49,"245,370"
50881,Wheelabrator Shasta,Shasta,CA,Wells,40.42821074,-122.2788807,485,2496038,RECIRCULATING TOWER,BIOMASS,GW,-nr-,1.55,1.11,0.98,2.99,1.07,1.27,"398,202"
50882,Wheelabrator Westchester,Westchester,NY,Hudson River,41.27705688,-73.94258778,21,6228994,ONCE-THROUGH FRESH,BIOMASS,SW,FR,58.3,0.67,26.2,454,0.52,0.82,"396,744"
50883,Wheelabrator Bridgeport,Fairfield,CT,Municipality,41.16250685,-73.20848661,50,7734269,RECIRCULATING TOWER,BIOMASS,-nr-,-nr-,1.34,0.96,0.85,2.4,0.93,1.02,"477,123"
50884,Pinellas County Resource Recovery,Pinellas,FL,Bridgeway Acres Landfill Pond,27.87286964,-82.67413117,8,16918160,RECIRCULATING TOWER,BIOMASS,-nr-,-nr-,1.56,1.11,1.02,2.73,1.11,1.16,"357,646"
50885,Wheelabrator Gloucester LP,Gloucester,NJ,Delaware River,39.87333333,-75.13805556,14,4494824,RECIRCULATING TOWER,BIOMASS,SW,FR,0.39,0.28,0.25,0.71,0.27,0.3,"76,040"
50886,Spokane Waste to Energy,Spokane,WA,Municipality,47.626217,-117.503708,2332,23027032,COMPLEX,BIOMASS,-nr-,-nr-,0.1,0.07,0,0.82,0,0.41,"110,118"
50887,Wheelabrator South Broward,Broward,FL,Municipality,26.0687,-80.1986,6,,ONCE-THROUGH SALINE,BIOMASS,-nr-,-nr-,86.9,0,67.7,169,0,0,"411,437"
50888,Northampton Generating Company LP,Northampton,PA,Lehigh River,40.69166667,-75.47916667,335,4187999,RECIRCULATING TOWER,COMPLEX,SW,FR,0.83,0.59,0.52,1.5,0.57,0.64,"452,512"
50949,Hardee Power Station,Hardee,FL,Cooling Water Reservior,27.6367361,-81.96338194,116,16802033,RECIRCULATING POND,NGCC,SW,FR,0.37,0.37,0.25,0.5,0.25,0.5,"783,425"
50951,Sunnyside Cogen Associates,Carbon,UT,Grassy Trail Creek,39.5462351,-110.3910855,6494,3909955,RECIRCULATING TOWER,COAL,SW,FR,1.03,0.74,0.64,1.99,0.69,0.84,"418,198"
50966,Bellmeade Power Station,Richmond City,VA,Municipality,37.49627738,-77.43200389,54,10065791,RECIRCULATING TOWER,NGCC,OT,OT,1.39,0.99,0.9,2.47,0.98,1.05,"1,243,668"
50974,Scrubgrass Generating Company LP,Venango,PA,Allegheny River,41.26970291,-79.8125465,1396,10222260,RECIRCULATING TOWER,COAL,SW,FR,0.62,0.44,0.39,1.14,0.42,0.48,"259,422"
50976,Indiantown Cogeneration LP,Martin,FL,Taylor Creek,27.03888889,-80.5125,32,16715620,RECIRCULATING TOWER,COAL,SW,FR,1.14,0.82,0.75,2.01,0.81,0.85,"681,233"
50978,Carr Street Generating Station,Onondaga,NY,OCWA,43.06125929,-76.08242714,410,21974385,RECIRCULATING TOWER,NGCC,-nr-,-nr-,0.32,0.23,0.21,0.59,0.22,0.25,"307,320"
51026,Ryegate Power Station,Caledonia,VT,Connecticut River,44.21304763,-72.05700611,496,4595063,RECIRCULATING TOWER,BIOMASS,SW,FR,0.32,0.23,0.2,0.59,0.22,0.25,"154,634"
51030,Ocean State Power,Providence,RI,Blackstone River,42.00962783,-71.66813062,526,6116362,RECIRCULATING TOWER,NGCC,SW,-nr-,0.8,0.57,0.52,1.42,0.56,0.6,"702,823"
52007,Mecklenburg Power Station,Mecklenburg,VA,John H Kerr Reservoir,36.60011479,-78.53014176,350,8652876,RECIRCULATING TOWER,COAL,OT,OT,0.77,0.55,0.5,1.37,0.54,0.58,"335,919"
52010,Lee County Solid Waste Energy,Lee,FL,City Of Ft Myers,26.63189313,-81.76099458,19,10244355,RECIRCULATING TOWER,BIOMASS,-nr-,-nr-,1.2,0.85,0.78,2.1,0.85,0.89,"329,077"
52056,Nassau Energy Corp,NASSAU,NY,Municipality,40.738336,-73.59035,93,9498466,RECIRCULATING TOWER,NGCC,-nr-,-nr-,0.07,0.05,0.04,0.12,0.05,0.05,"325,645"
52071,Sandow No 5,Milam,TX,Alcoa Lake Treatment System,30.5681,-97.0614,465,,COMPLEX,COAL,SW,FR,239,3.52,4.2,2190,2.55,4.89,"3,405,817"
52088,Texas City Power Plant,Galveston,TX,Brazos River,29.37777778,-94.94305556,12,1563918,RECIRCULATING TOWER,NGCC,SW,FR,0.02,0.01,0.01,0.03,0.01,0.01,"960,017"
52118,Multitrade of Pittsylvania LP,Pittsylvania,VA,Roanoke River,37.10462905,-79.27728008,670,8626289,RECIRCULATING TOWER,BIOMASS,SW,FR,0.75,0.53,0.48,1.35,0.52,0.57,"267,414"
52176,C R Wing Cogen Plant,Howard,TX,Colo.River Municipal Water Dis,32.27222222,-101.4222222,2484,5714797,RECIRCULATING TOWER,NGCC,-nr-,-nr-,0.15,0.11,0.09,0.3,0.1,0.13,"171,593"
54015,MM West Covina,Los Angeles,CA,Municipality,34.03325851,-117.9059139,582,22523217,RECIRCULATING TOWER,GAS STEAM,-nr-,-nr-,0.15,0.11,0.1,0.29,0.11,0.12,"44,184"
54033,Wheelabrator North Broward,Broward,FL,Municipality,26.28771389,-80.15847778,10,79480,RECIRCULATING TOWER,BIOMASS,-nr-,-nr-,0.4,0.29,0.26,0.7,0.28,0.3,"71,946"
54034,Rensselaer Cogen,RENSSELAER,NY,Rensselaer Municipal Water,42.6252859,-73.74996881,19,6186216,RECIRCULATING TOWER,NGCC,-nr-,-nr-,0.05,0.04,0.03,0.09,0.03,0.04,"44,344"
54035,Roanoke Valley Energy Facility I,Halifax,NC,Municipality,36.43638889,-77.61666667,95,10449940,RECIRCULATING TOWER,COAL,-nr-,-nr-,0.28,0.2,0.18,0.51,0.2,0.22,"186,061"
54041,Lockport Energy Associates LP,Niagara,NY,Municipality,43.162239,-78.744806,625,15560659,RECIRCULATING TOWER,NGCC,-nr-,-nr-,0.19,0.14,0.12,0.35,0.13,0.15,"289,105"
54056,Pawtucket Power Associates,Providence,RI,Municipality,41.86128826,-71.40697512,48,6128531,RECIRCULATING TOWER,COMPLEX,-nr-,-nr-,0.01,0.01,0.01,0.03,0.01,0.01,"16,512"
54076,Indeck Olean Energy Center,Cattaraugus,NY,Wells,42.085569,-78.454481,1421,8969336,RECIRCULATING TOWER,NGCC,GW,FR,0.43,0.3,0.28,0.76,0.3,0.32,"386,519"
54081,Spruance Genco LLC,Richmond City,VA,James River,37.455233,-77.430226,52,10067283,RECIRCULATING TOWER,COAL,SW,FR,0.04,0.03,0.02,0.07,0.02,0.03,"190,434"
54114,Kennedy International Airport Cogen,Queens,NY,Municipality,40.647094,-73.784764,14,9499736,RECIRCULATING TOWER,NGCC,-nr-,-nr-,0.75,0.54,0.48,1.38,0.52,0.58,"712,876"
54131,Fortistar North Tonawanda,Niagara,NY,Municipality,43.048251,-78.853533,575,15567613,RECIRCULATING TOWER,NGCC,-nr-,-nr-,0.03,0.02,0.02,0.06,0.02,0.03,"42,386"
54238,Stockton Biomass,San Joaquin,CA,California Water Service,37.943633,-121.330433,6,,RECIRCULATING TOWER,BIOMASS,-nr-,-nr-,0.54,0.39,0.35,1,0.38,0.43,"337,436"
54271,Saguaro Power,Clark,NV,Olin Chlor Alkali,36.04166667,-115.0116667,1813,22070052,RECIRCULATING TOWER,NGCC,-nr-,-nr-,1.12,0.8,0.68,2.32,0.73,0.98,"755,580"
54304,Birchwood Power,King George,VA,Rappahannock River,38.26653069,-77.31432925,105,8476186,RECIRCULATING TOWER,COAL,SW,SA,1.11,0.79,0.71,1.99,0.77,0.84,"560,883"
54324,Ocean State Power II,Providence,RI,Blackstone River,42.01043346,-71.66921631,529,6116380,RECIRCULATING TOWER,NGCC,SW,-nr-,0.71,0.51,0.47,1.27,0.51,0.54,"588,276"
54349,Nevada Cogen Associates 2 Black Mountain,Clark,NV,Well,36.224647,-114.878942,1847,20679121,RECIRCULATING TOWER,NGCC,GW,-nr-,0.32,0.23,0.2,0.67,0.21,0.28,"724,509"
54350,Nevada Cogen Assoc#1 GarnetVly,Clark,NV,Wells,36.343188,-114.920662,2414,20625632,RECIRCULATING TOWER,NGCC,GW,-nr-,0.54,0.39,0.33,1.12,0.36,0.47,"722,921"
54365,Orange Cogeneration Facility,Polk,FL,Wells,27.870481,-81.824794,126,16802921,RECIRCULATING TOWER,NGCC,GW,FR,0.26,0.19,0.17,0.46,0.18,0.19,"376,992"
54415,Cadillac Renewable Energy,Wexford,MI,City Of Cadillac Well,44.26192748,-85.43583028,1300,12130204,RECIRCULATING TOWER,BIOMASS,-nr-,-nr-,0.37,0.26,0.23,0.66,0.25,0.28,"129,380"
54424,Quantum Pasco Power LP,Pasco,FL,Well,28.375174,-82.188832,82,16955648,RECIRCULATING TOWER,NGCC,GW,-nr-,0.28,0.2,0.18,0.49,0.2,0.21,"291,990"
54426,Mulberry Cogeneration Facility,Polk,FL,Wells,27.84888889,-81.8775,147,16802921,RECIRCULATING TOWER,NGCC,GW,FR,0.38,0.27,0.25,0.66,0.27,0.28,"390,713"
54466,Orlando Cogen LP,Orange,FL,Municipality,28.442218,-81.412948,95,21476176,RECIRCULATING TOWER,NGCC,GW,FR,0.96,0.68,0.63,1.68,0.68,0.71,"987,513"
54476,Sumas Power Plant,Whatcom,WA,Municipality,48.990339,-122.27355,51,23952588,RECIRCULATING TOWER,NGCC,-nr-,-nr-,0.47,0.34,0.31,0.84,0.33,0.36,"602,093"
54526,ReEnergy Lyonsdale Biomass,Lewis,NY,Moose River,43.61771,-75.305697,1088,15515168,RECIRCULATING TOWER,BIOMASS,SW,FR,0.27,0.19,0.17,0.49,0.19,0.21,"132,140"
54529,Wheelabrator Ridge Energy,Polk,FL,Wells,28.02732778,-81.84753725,112,16794845,RECIRCULATING TOWER,BIOMASS,GW,FR,1.38,0.99,0.91,2.43,0.98,1.03,"191,014"
54537,Ferndale Generating Station,Whatcom,WA,Nooksack River,48.828792,-122.686498,192,24534702,RECIRCULATING TOWER,NGCC,SW,-nr-,0.6,0.43,0.39,1.07,0.42,0.45,"868,848"
54547,Sithe Independence Station,Oswego,NY,Municipality,43.496156,-76.451585,270,21625985,RECIRCULATING TOWER,NGCC,SW,FR,3.76,2.69,2.4,6.81,2.6,2.89,"6,451,931"
54561,Jefferson Smurfit Santa Clara Mill,SANTA CLARA,CA,Wells,37.367991,-121.943667,45,17694137,RECIRCULATING TOWER,NGCC,GW,-nr-,0.25,0.18,0.16,0.44,0.17,0.19,"199,753"
54579,Rupert Cogen Project,Minidoka,ID,Wells,42.60555556,-113.6838889,4161,23162753,RECIRCULATING TOWER,NGCC,GW,-nr-,0.01,0.01,0.01,0.02,0.01,0.01,"76,677"
54586,Tanner Street Generation,Middlesex,MA,Municipality,42.632124,-71.313235,108,,COMPLEX,NGCC,-nr-,-nr-,0.07,0.05,0,0.23,0,0.11,"140,494"
54592,Massena Energy Facility,St Lawrence,NY,St. Lawarence River,44.95151669,-74.89330285,256,15475681,RECIRCULATING TOWER,NGCC,SW,FR,0,0,0,0.01,0,0,"3,157"
54593,Batavia Power Plant,Genesee,NY,Wells,42.982534,-78.159072,896,15568781,RECIRCULATING TOWER,NGCC,GW,FR,0.04,0.03,0.03,0.08,0.03,0.03,"34,210"
54626,Mt Poso Cogeneration,Kern,CA,Wells,35.576407,-119.006319,1071,17164008,RECIRCULATING TOWER,BIOMASS,GW,-nr-,0.4,0.29,0.25,0.79,0.27,0.34,"249,143"
54627,Okeelanta Cogeneration,Palm Beach,FL,Canal (Lake Okeechobee),26.576931,-80.747365,11,89748,RECIRCULATING TOWER,COMPLEX,SW,FR,2.23,1.59,1.46,3.89,1.58,1.65,"223,798"
54634,St Nicholas Cogen Project,Schuylkill,PA,Municipality,40.822301,-76.173343,1417,4517542,RECIRCULATING TOWER,COAL,-nr-,-nr-,1.73,1.23,1.1,3.14,1.19,1.33,"660,243"
54640,NAEA Lakewood LLC,Ocean,NJ,Wells,40.061165,-74.168043,37,9442185,RECIRCULATING TOWER,NGCC,GW,FR,1.1,0.79,0.72,1.95,0.78,0.83,"1,107,988"
54646,Kalaeloa Cogen Plant,Honolulu,HI,Wells,21.301346,-158.096365,10,21576467,RECIRCULATING TOWER,OIL CC,GW,-nr-,1.67,1.19,1.09,3.08,1.19,1.31,"1,367,800"
54676,Oyster Creek Unit VIII,Brazoria,TX,Brazos River (Dow Chemical),28.98,-95.3425,5,1576370,RECIRCULATING TOWER,NGCC,SW,FR,2.83,2.02,1.85,4.97,2.01,2.11,"2,182,646"
54693,York Generation Company LLC,York,PA,Municipality,39.984359,-76.67801,431,4724379,RECIRCULATING TOWER,NGCC,-nr-,-nr-,0.01,0.01,0.01,0.02,0.01,0.01,"7,763"
54694,Yuma Cogeneration Associates,Yuma,AZ,Municipality,32.728832,-114.653794,130,21412723,RECIRCULATING TOWER,NGCC,-nr-,-nr-,0.02,0.02,0.01,0.04,0.02,0.02,"27,171"
54746,Wheelabrator Falls,Bucks,PA,Municipality,40.16283238,-74.76783434,19,4481827,RECIRCULATING TOWER,BIOMASS,-nr-,-nr-,0.94,0.67,0.6,1.72,0.66,0.73,"321,533"
54749,Goal Line LP,San Diego,CA,Municipality,33.118452,-117.099269,634,20341947,RECIRCULATING TOWER,NGCC,-nr-,-nr-,0.02,0.01,0.01,0.03,0.01,0.01,"22,797"
54751,Genesee Power Station LP,Genesee,MI,Wells,43.08506069,-83.66957547,754,13015929,RECIRCULATING TOWER,BIOMASS,GW,-nr-,0.21,0.15,0.13,0.37,0.14,0.16,"70,919"
54755,Roanoke Valley Energy Facility II,Halifax,NC,Municipality,36.435003,-77.617803,99,10449940,RECIRCULATING TOWER,COMPLEX,-nr-,-nr-,0.03,0.02,0.02,0.06,0.02,0.03,"23,793"
54758,Wheelabrator Lisbon,New London,CT,Norwich DPUC & Onsite Wells,41.58437959,-72.04144193,112,6163249,RECIRCULATING TOWER,BIOMASS,-nr-,-nr-,0.35,0.25,0.23,0.64,0.25,0.27,"107,327"
54761,Hermiston Generating Plant,Umatilla,OR,Columbia River,45.803674,-119.369428,562,23647740,RECIRCULATING TOWER,NGCC,SW,FR,2.02,1.44,1.27,3.82,1.37,1.62,"2,387,243"
54785,Grays Ferry Cogeneration,Philadelphia,PA,Sch. River,39.942325,-75.188971,19,4784835,ONCE-THROUGH FRESH,NGCC,SW,FR,89.8,1.01,40.4,698,0.79,1.23,"1,054,756"
54805,Milford Power LP,Worcester,MA,Wastewater Treatment Plant,42.12922578,-71.51156073,257,5867599,RECIRCULATING TOWER,NGCC,-nr-,-nr-,0.5,0.35,0.33,0.89,0.35,0.38,"484,224"
54817,Johnson County,Johnson,TX,Municipality,32.39904067,-97.40853079,850,5511892,RECIRCULATING TOWER,NGCC,OT,FR,0.64,0.45,0.41,1.16,0.44,0.49,"602,430"
54832,Brandywine Power Facility,Prince Georges,MD,Wastewater Treatmnt Plant,38.66822474,-76.86764125,213,4528133,RECIRCULATING TOWER,NGCC,-nr-,-nr-,0.98,0.7,0.63,1.74,0.69,0.74,"1,294,284"
54914,Brooklyn Navy Yard Cogeneration,Kings,NY,East River,40.699161,-73.976203,7,26408400,ONCE-THROUGH SALINE,NGCC,SW,SA,37.5,0,31.2,78.1,0,0,"1,955,932"
54915,Michigan Power LP,Mason,MI,Pere Marquette River,43.940218,-86.424019,633,8992070,RECIRCULATING TOWER,NGCC,SW,FR,1.28,0.91,0.81,2.29,0.88,0.97,"1,037,405"
54945,CT Resource Rec Authority Facility,Hartford,CT,Connecticut River,41.74766409,-72.65055792,29,7701054,ONCE-THROUGH FRESH,BIOMASS,SW,-nr-,55.4,0.58,24.9,429,0.46,0.71,"309,579"
54974,Sauder Power Plant,Fulton,OH,Municipality,41.515837,-84.29351,736,15662026,RECIRCULATING TOWER,BIOMASS,-nr-,-nr-,0.18,0.13,0.11,0.32,0.12,0.14,"30,604"
55010,LSP-Cottage Grove LP,Washington,MN,Steam Host's Well,44.795593,-92.910776,812,1101338,RECIRCULATING TOWER,NGCC,OT,OT,0.14,0.1,0.09,0.25,0.1,0.1,"219,733"
55011,LSP-Whitewater LP,Jefferson,WI,Municipality,42.855108,-88.72991,810,13295394,RECIRCULATING TOWER,NGCC,GW,FR,0.3,0.21,0.19,0.53,0.2,0.22,"622,374"
55040,Mid-Georgia Cogeneration Facility,Houston,GA,Municipality,32.484913,-83.603523,317,6363364,RECIRCULATING TOWER,NGCC,-nr-,-nr-,0.14,0.1,0.09,0.25,0.1,0.11,"241,772"
55041,Berkshire Power,Hampden,MA,Municipality,42.04807557,-72.64812285,180,7698148,RECIRCULATING TOWER,NGCC,SW,FR,0.88,0.63,0.57,1.61,0.62,0.68,"1,108,977"
55042,Bridgeport Energy Project,Fairfield,CT,Bridgeport Harbor,41.17089386,-73.18386375,0,7734269,ONCE-THROUGH SALINE,NGCC,SW,SA,103,0,86.9,217,0,0,"3,151,048"
55043,Cherokee County Cogen,Cherokee,SC,Municipality,35.072019,-81.613539,685,12035061,RECIRCULATING TOWER,NGCC,-nr-,-nr-,0.53,0.38,0.34,0.97,0.37,0.41,"511,020"
55047,Pasadena Cogeneration,Harris,TX,Coastal Ind. Water Authority,29.72333333,-95.17694444,25,1440511,RECIRCULATING TOWER,NGCC,SW,FR,2.8,2,1.83,4.93,1.98,2.09,"4,731,147"
55062,Tenaska Frontier Generation Station,Grimes,TX,Municipallity,30.59315276,-95.9181245,363,1465960,RECIRCULATING TOWER,NGCC,SW,FR,2.79,1.99,1.82,4.94,1.97,2.09,"3,578,016"
55063,Batesville Generation Facility,Panola,MS,Enid Lake,34.33424712,-89.92674216,215,15290460,RECIRCULATING TOWER,NGCC,SW,FR,2.93,2.09,1.89,5.22,2.05,2.21,"3,761,639"
55065,Mustang Station,Yoakum,TX,Wells,32.9726676,-102.7417835,3504,5682745,RECIRCULATING TOWER,NGCC,GW,FR,0.88,0.63,0.57,1.74,0.62,0.74,"421,226"
55068,Maine Independence Station,Penobscot,ME,Penobscot River,44.82369074,-68.70995264,55,1736868,RECIRCULATING TOWER,NGCC,SW,SA,0.26,0.18,0.16,0.47,0.18,0.2,"330,358"
55075,Pine Bluff Energy Center,Jefferson,AR,Wells,34.21805556,-91.9025,205,19466969,RECIRCULATING TOWER,NGCC,GW,-nr-,1.91,1.36,1.23,3.4,1.33,1.44,"1,304,972"
55076,Red Hills Generating Facility,Choctaw,MS,Wells,33.37624577,-89.21822012,580,15778976,RECIRCULATING TOWER,COAL,GW,SA,5.51,3.94,3.58,9.79,3.88,4.15,"3,033,410"
55079,Millennium Power,Worcester,MA,Southbridge WWTF,42.11243707,-72.01515967,610,6146869,RECIRCULATING TOWER,NGCC,PD,BE,1.47,1.05,0.94,2.67,1.02,1.13,"2,101,441"
55086,Gregory Power Facility,San Patricio,TX,San Patricio Municipality,27.88805556,-97.25722222,25,1432761,RECIRCULATING TOWER,NGCC,SW,FR,5.11,3.65,3.34,8.97,3.63,3.8,"2,663,022"
55087,Zeeland Generating Station,Ottawa,MI,Municipality,42.82043398,-85.99815486,670,9017489,RECIRCULATING TOWER,NGCC,GW,FR,2.27,1.62,1.43,4.05,1.55,1.71,"3,258,723"
55088,Dearborn Industrial Generation,Wayne,MI,Detroit River,42.305344,-83.159303,584,10850388,ONCE-THROUGH FRESH,GAS STEAM,SW,FR,21.6,0.24,9.74,168,0.19,0.3,"1,174,891"
55090,Plummer Cogen,Benewah,ID,Wells,47.329611,-116.891784,2725,23005183,RECIRCULATING TOWER,BIOMASS,GW,-nr-,0.02,0.01,0.01,0.04,0.01,0.02,"29,412"
55096,Portside Energy,PORTER,IN,Lake Michigan,41.63166667,-87.17277778,605,3398586,ONCE-THROUGH FRESH,NGCC,SW,-nr-,29.6,0.29,13.4,221,0.23,0.36,"286,921"
55097,Lamar Power Project,Lamar,TX,Lake Pat Mayse,33.63143074,-95.5895459,540,4298571,RECIRCULATING TOWER,NGCC,SW,FR,4.88,3.48,3.16,8.75,3.43,3.71,"5,999,121"
55098,Frontera Energy Center,Hidalgo,TX,Rio Grande,26.20776908,-98.39904533,115,204083,RECIRCULATING TOWER,NGCC,SW,FR,2.68,1.91,1.74,4.75,1.89,2.01,"3,274,471"
55100,"Rumford Power, Inc",Oxford,ME,Municipality,44.53075086,-70.52182983,613,6710327,COMPLEX,NGCC,-nr-,-nr-,0.01,0.01,0,0.36,0,0.17,"283,166"
55103,Klamath Cogeneration Plant,Klamath,OR,Municipality,42.173877,-121.811211,4156,2553655,RECIRCULATING TOWER,NGCC,-nr-,-nr-,1.64,1.17,1.04,3.1,1.13,1.31,"2,697,515"
55104,Sabine Cogen,Orange,TX,Sabine River,30.05476,-93.752858,7,8332584,COMPLEX,NGCC,SW,-nr-,0.58,0.42,0,0.87,0,0.76,"613,371"
55107,Rhode Island State Energy Center,Providence,RI,Municipality,41.80250997,-71.51820181,360,6130229,RECIRCULATING TOWER,NGCC,PD,BE,1.28,0.92,0.82,2.28,0.89,0.97,"1,811,668"
55123,Magic Valley Generating Station,Hidalgo,TX,Municipality,26.34042973,-98.1905347,90,207315,RECIRCULATING TOWER,NGCC,PD,BE,2.7,1.93,1.76,4.8,1.91,2.03,"3,217,688"
55124,Griffith Energy LLC,Mohave,AZ,Wells,35.05374897,-114.1337281,2495,21427534,RECIRCULATING TOWER,NGCC,GW,FR,2.02,1.44,1.21,4.17,1.32,1.77,"2,088,594"
55126,Milford Power Project,New Haven,CT,"Potable, Municipality",41.2238708,-73.09959686,52,7718534,RECIRCULATING TOWER,NGCC,-nr-,-nr-,2.49,1.78,1.58,4.48,1.71,1.9,"3,488,446"
55129,Desert Basin,Pinal,AZ,Central Arizona Project Canal,32.90383145,-111.7891677,1370,15886270,RECIRCULATING TOWER,NGCC,SW,FR,1.75,1.25,1.11,3.65,1.2,1.55,"1,953,793"
55131,Kendall County Generation Facility,Kendall,IL,Illinois River,41.48020379,-88.25703869,633,14788079,RECIRCULATING TOWER,NGCC,SW,FR,4.52,3.23,2.85,8.18,3.09,3.46,"6,173,794"
55132,Tenaska Gateway Generating Station,Rusk,TX,Sabine River,32.01760105,-94.61961087,370,5279382,RECIRCULATING TOWER,NGCC,SW,FR,3.28,2.34,2.13,5.85,2.31,2.48,"4,030,188"
55137,Rio Nogales Power Project,Guadalupe,TX,Municipality,29.59333787,-97.97338759,564,1620829,RECIRCULATING TOWER,NGCC,PD,-nr-,2.38,1.7,1.54,4.27,1.67,1.81,"3,352,868"
55139,Wolf Hollow I LP,Hood,TX,Lake Granbury,32.33369126,-97.73161817,780,5499450,RECIRCULATING TOWER,NGCC,SW,FR,2.82,2.01,1.82,5.1,1.97,2.16,"2,975,763"
55144,Hays Energy Project,Hays,TX,GBRA/City of San Marcos,29.78112891,-97.98977198,624,1631641,COMPLEX,NGCC,SW,SA,2.01,1.44,0,3.22,0,1.52,"4,543,717"
55146,Green Country Energy LLC,Tulsa,OK,Municipality,35.98330829,-95.93427531,605,371073,RECIRCULATING TOWER,NGCC,-nr-,-nr-,2.77,1.98,1.79,4.94,1.94,2.09,"3,734,504"
55151,La Paloma Generating LLC,Kern,CA,Municipality,35.29524392,-119.5928973,970,17169936,RECIRCULATING TOWER,NGCC,-nr-,FR,4.45,3.18,2.83,8.54,3.07,3.62,"5,342,223"
55153,Guadalupe Generating Station,Guadalupe,TX,Lake Dunlap,29.62293493,-98.13923044,685,7850645,RECIRCULATING TOWER,NGCC,SW,FR,4.57,3.26,2.97,8.13,3.22,3.44,"6,007,216"
55154,Lost Pines 1 Power Project,Bastrop,TX,Lake Bastrop,30.14731877,-97.27044812,490,5789910,ONCE-THROUGH FRESH,NGCC,SW,FR,103,1.17,47.2,759,0.92,1.43,"2,828,209"
55168,Bastrop Energy Center,Bastrop,TX,Colorado River,30.14570666,-97.54895507,560,5789832,RECIRCULATING TOWER,NGCC,SW,FR,3.2,2.28,2.08,5.69,2.26,2.41,"3,397,291"
55170,Granite Ridge,Rockingham,NH,City of Manchester POTW,42.90424826,-71.42526325,300,6744026,RECIRCULATING TOWER,NGCC,PD,BE,3.31,2.36,2.12,6.06,2.3,2.57,"4,686,787"
55172,Bosque County Peaking,Bosque,TX,Brazos River,31.85931795,-97.35876706,470,5513700,RECIRCULATING TOWER,NGCC,SW,FR,3.4,2.43,2.2,6.11,2.39,2.59,"4,675,191"
55173,Acadia Energy Center,Acadia,LA,Wells,30.42863564,-92.41173764,40,15139755,RECIRCULATING TOWER,NGCC,SW,FR,5.36,3.83,3.5,9.45,3.8,4,"6,585,897"
55176,Eastman Cogeneration Facility,Harrison,TX,Ferguson Lake,32.44805556,-94.69027778,300,5278734,RECIRCULATING TOWER,NGCC,SW,FR,0.73,0.52,0.48,1.31,0.52,0.56,"2,251,672"
55177,South Point Energy Center,Mohave,AZ,Colorado River,34.86782428,-114.532322,458,21437981,RECIRCULATING TOWER,NGCC,SW,FR,2.03,1.45,1.21,4.28,1.31,1.82,"1,750,652"
55178,Dogwood Energy Facility,Cass,MO,Municipality,38.79369006,-94.30084373,950,2330395,RECIRCULATING TOWER,NGCC,OT,FR,1.12,0.8,0.73,1.98,0.79,0.84,"1,409,463"
55179,Rathdrum Power LLC,Kootenai,ID,Well,47.78606969,-116.9212618,2184,23015044,RECIRCULATING TOWER,NGCC,GW,FR,1.02,0.73,0.65,1.92,0.7,0.81,"1,528,983"
55182,Sunrise Power LLC,Kern,CA,Municipality,35.21006855,-119.5843188,1420,17170432,RECIRCULATING TOWER,NGCC,GW,FR,2.04,1.46,1.3,3.92,1.41,1.66,"2,729,586"
55183,Nelson Energy Center,Lee,IL,Rock River,41.774444,-89.607222,658,,RECIRCULATING TOWER,NGCC,SW,FR,0.28,0.2,0.18,0.48,0.2,0.2,"326,632"
55187,Channelview Cogeneration Plant,Harris,TX,Lyondell Bassel Chemicals,29.828357,-95.121982,40,1438961,RECIRCULATING TOWER,NGCC,OT,OT,7.69,5.49,5.03,13.5,5.45,5.73,"4,534,208"
55188,Cordova Energy,Rock Island,IL,Wells,41.7126215,-90.27970244,602,14803725,RECIRCULATING TOWER,NGCC,GW,FR,0.01,0.01,0.01,0.02,0.01,0.01,"11,125"
55193,Ontelaunee Energy Center,Berks,PA,Reading Water Authority,40.42194913,-75.93568179,345,4782297,RECIRCULATING TOWER,NGCC,OT,FR,2.62,1.87,1.68,4.75,1.82,2.01,"4,088,379"
55197,Caledonia,Lowndes,MS,Municipality,33.64691696,-88.27199106,340,18647726,RECIRCULATING TOWER,NGCC,PD,BE,2.55,1.82,1.65,4.54,1.79,1.92,"3,413,509"
55200,Arapahoe Combustion Turbine Project,Denver,CO,Denver Water Department,39.66902487,-105.0018403,5270,194423,RECIRCULATING TOWER,NGCC,-nr-,-nr-,0.15,0.11,0.1,0.29,0.1,0.12,"118,302"
55206,Corpus Christi Energy Center,Nueces,TX,Corpus Christi Ship Channel,27.81388889,-97.42833333,20,1636635,RECIRCULATING TOWER,NGCC,SW,SA,3.35,2.39,2.19,5.88,2.38,2.49,"2,299,201"
55210,Afton Generating Station,Dona Ana,NM,Wells,32.11455261,-106.8460963,4238,2538971,COMPLEX,NGCC,GW,FR,0.33,0.24,0,0.57,0,0.42,"645,712"
55215,Odessa Ector Generating Station,Ector,TX,Wells,31.83894555,-102.3261495,2872,5689876,RECIRCULATING TOWER,NGCC,GW,FR,4.61,3.29,2.96,8.93,3.21,3.78,"5,809,356"
55216,Morris Cogeneration LLC,Grundy,IL,Wells,41.412826,-88.33176,530,14779268,RECIRCULATING TOWER,NGCC,GW,-nr-,1.21,0.86,0.76,2.18,0.83,0.92,"652,557"
55217,Los Medanos Energy Center,Contra Costa,CA,Delta Diablo Sanitation Dist,38.029966,-121.872772,15,2788471,RECIRCULATING TOWER,NGCC,PD,BE,1.31,0.94,0.85,2.39,0.92,1.01,"2,603,567"
55218,Hinds Energy Facility,Hinds,MS,Wells,32.37874429,-90.21980111,340,15756512,RECIRCULATING TOWER,NGCC,GW,FR,1.77,1.27,1.15,3.17,1.25,1.34,"2,323,884"
55220,Attala,Attala,MS,Big Black River,33.0141863,-89.6750956,330,19223471,RECIRCULATING TOWER,NGCC,SW,FR,2.42,1.73,1.58,4.31,1.71,1.83,"3,297,745"
55221,Harry L. Oswald,Pulaski,AR,Municipality,34.59139791,-92.21620865,250,22847403,RECIRCULATING TOWER,NGCC,OT,FR,0.38,0.27,0.25,0.68,0.27,0.29,"349,389"
55223,Ennis Power Company LLC,Ellis,TX,City of Ennis WWT,32.31985,-96.67503705,470,1447026,RECIRCULATING TOWER,NGCC,PD,BE,1.32,0.94,0.86,2.37,0.93,1,"1,594,261"
55225,Oneta Energy Center,Wagoner,OK,Municipality,36.01104547,-95.69715938,720,833014,RECIRCULATING TOWER,NGCC,SW,FR,4.15,2.97,2.69,7.38,2.92,3.13,"5,468,247"
55226,Freestone Energy Center,Freestone,TX,Richland Chambers Resovoir,31.89071159,-96.11148972,332,1454913,RECIRCULATING TOWER,NGCC,SW,FR,4.43,3.16,2.87,7.92,3.11,3.36,"5,733,045"
55230,Jack County,Wise,TX,Lake Bridgeport,33.10073006,-97.95695849,1090,1305927,RECIRCULATING TOWER,NGCC,SW,FR,4.86,3.47,3.15,8.74,3.41,3.7,"6,187,538"
55231,Liberty Electric Power Plant,Delaware,PA,Municipality,39.86212979,-75.33553645,20,4495708,RECIRCULATING TOWER,NGCC,OT,OT,2.99,2.14,1.93,5.3,2.09,2.25,"4,122,956"
55239,Red Oak Power LLC,Middlesex,NJ,Municipality,40.44877839,-74.34818502,34,9515532,RECIRCULATING TOWER,NGCC,SW,FR,4.19,2.99,2.69,7.66,2.91,3.25,"5,810,095"
55241,Hog Bayou Energy Center,Mobile,AL,MAWSS,30.74835947,-88.05713509,4,18524183,RECIRCULATING TOWER,NGCC,-nr-,-nr-,1.48,1.05,0.97,2.58,1.05,1.09,"1,765,206"
55242,Santa Rosa Energy Center,Santa Rosa,FL,Well,30.5664,-87.115,91,,RECIRCULATING TOWER,NGCC,-nr-,-nr-,0.49,0.35,0.32,0.86,0.35,0.37,"560,226"
55259,Whiting Clean Energy,Lake,IN,Lake Michigan,41.67388889,-87.4775,591,3398582,RECIRCULATING TOWER,NGCC,SW,FR,1.99,1.42,1.25,3.59,1.35,1.52,"2,125,745"
55269,TVA Southaven Combined Cycle,DeSoto,MS,Wells,34.99390833,-90.03854014,300,14203311,RECIRCULATING TOWER,NGCC,GW,FR,2.93,2.09,1.89,5.25,2.05,2.22,"3,798,270"
55270,Jackson Generating Station,Jackson,MI,Municipality,42.24851526,-84.37673417,970,12246200,RECIRCULATING TOWER,NGCC,OT,OT,1.11,0.8,0.72,1.96,0.78,0.83,"1,084,513"
55271,Tenaska Lindsay Hill Generating Station,Autauga,AL,Alabama River,32.65278958,-86.73871087,500,21677746,RECIRCULATING TOWER,NGCC,SW,FR,3.26,2.33,2.13,5.76,2.31,2.44,"4,218,851"
55282,Arlington Valley Energy Facility,Maricopa,AZ,Well,33.34151132,-112.8891018,880,20396915,RECIRCULATING TOWER,NGCC,GW,FR,1.71,1.22,1.08,3.28,1.17,1.39,"1,820,797"
55292,Decatur Energy Center,Morgan,AL,Tennessee River,34.62934533,-87.0204848,585,19623886,RECIRCULATING TOWER,NGCC,SW,FR,1.39,0.99,0.9,2.47,0.98,1.05,"1,486,854"
55293,Morgan Energy Center,Morgan,AL,Tennessee River,34.63972222,-87.06388889,618,19623210,RECIRCULATING TOWER,NGCC,SW,FR,4.43,3.17,2.87,7.86,3.11,3.33,"4,955,877"
55294,Westbrook Energy Center Power Plant,Cumberland,ME,Portland Water District,43.65768771,-70.37693339,95,6721553,RECIRCULATING TOWER,NGCC,SW,FR,1.12,0.8,0.71,2.05,0.77,0.87,"1,848,004"
55295,Blythe Energy Inc,Riverside,CA,Wells,33.61580853,-114.6868116,336,10003590,RECIRCULATING TOWER,NGCC,GW,FR,1.23,0.88,0.77,2.39,0.83,1.01,"1,334,565"
55297,New Covert Generating Facility,Van Buren,MI,Lake Michigan,42.32242053,-86.29348608,595,9019373,RECIRCULATING TOWER,NGCC,SW,FR,2.13,1.52,1.35,3.79,1.46,1.6,"3,495,568"
55298,Fairless Energy Center,Bucks,PA,Delaware River,40.147225,-74.74098056,10,4481809,RECIRCULATING TOWER,NGCC,SW,FR,4.52,3.23,2.9,8.21,3.14,3.48,"6,450,262"
55299,Channel Energy Center LLC,Harris,TX,Coastal Water Authority,29.71888889,-95.23194444,24,1440537,RECIRCULATING TOWER,NGCC,SW,FR,0.97,0.69,0.63,1.7,0.69,0.72,"4,705,774"
55302,Wasatch Energy Systems Energy Recovery,Davis,UT,-NR-,41.110123,-111.955447,4808,7913954,RECIRCULATING TOWER,BIOMASS,-nr-,-nr-,0.16,0.11,0.1,0.28,0.1,0.12,"7,475"
55306,Gila River Power Station,Maricopa,AZ,Wells,32.975275,-112.6943222,703,20427666,RECIRCULATING TOWER,NGCC,GW,FR,1.89,1.35,1.2,3.9,1.3,1.65,"2,073,850"
55320,Wise County Power LLC,Wise,TX,Municipality,33.06038041,-97.90994837,1020,1306073,RECIRCULATING TOWER,NGCC,SW,FR,3.29,2.35,2.13,5.91,2.31,2.5,"4,363,906"
55327,Baytown Energy Center,Chambers,TX,Coastal Water Authority/Muncpl,29.77305556,-94.90194444,20,1558808,RECIRCULATING TOWER,NGCC,-nr-,-nr-,3.92,2.8,2.56,6.92,2.77,2.93,"3,954,472"
55328,Hermiston Power Partnership,Umatilla,OR,Municipality,45.79370378,-119.3136148,618,23647960,RECIRCULATING TOWER,NGCC,SW,FR,0.19,0.13,0.11,0.34,0.12,0.14,"330,670"
55333,Delta Energy Center,Contra Costa,CA,Delta Diablo Sanitation Dist,38.01713301,-121.8453773,21,2788473,RECIRCULATING TOWER,NGCC,PD,BE,3.69,2.63,2.4,6.69,2.6,2.83,"4,632,641"
55334,Holland Energy Facility,Shelby,IL,Kaskaskia River,39.22404884,-88.75938727,615,13772360,RECIRCULATING TOWER,NGCC,SW,FR,0.44,0.32,0.29,0.78,0.31,0.33,"490,113"
55337,TalenEnergy Ironwood LLC,Lebanon,PA,Quarry-DRBC,40.35119778,-76.36574167,500,4783215,RECIRCULATING TOWER,NGCC,SW,FR,3.4,2.43,2.16,6.14,2.34,2.6,"5,031,403"
55340,Dell Power Station,Mississippi,AR,Wells,35.8611928,-90.02412009,240,3671040,RECIRCULATING TOWER,NGCC,GW,FR,0.22,0.16,0.14,0.41,0.15,0.17,"279,851"
55343,Luna Energy Facility,Luna,NM,Wells,32.29925735,-107.783444,4383,17705819,RECIRCULATING TOWER,NGCC,GW,FR,1.56,1.11,0.98,3,1.06,1.27,"1,717,308"
55350,Dresden Energy Facility,Muskingum,OH,Muskingum River,40.0928,-82.0276,804,,RECIRCULATING TOWER,NGCC,SW,FR,2.51,1.8,1.61,4.48,1.75,1.9,"4,144,393"
55357,Brazos Valley Generating Facility,Fort Bend,TX,Brazos River,29.47268417,-95.62266429,68,3124294,RECIRCULATING TOWER,NGCC,SW,FR,2.87,2.05,1.88,5.06,2.03,2.14,"3,395,454"
55358,Cottonwood Energy Project,Newton,TX,Sabine River,30.25830002,-93.73549966,14,8332390,RECIRCULATING TOWER,NGCC,SW,FR,5.29,3.78,3.46,9.35,3.75,3.96,"6,925,845"
55364,Sugar Creek Power,Vigo,IN,Wells,39.39264378,-87.51188591,482,10286230,RECIRCULATING TOWER,NGCC,GW,FR,2.2,1.57,1.41,3.92,1.52,1.66,"3,340,220"
55369,Hamakua Energy Plant,Hawaii,HI,Wells,20.09393335,-155.4703633,456,21597637,RECIRCULATING TOWER,OIL CC,GW,FR,0.27,0.2,0.18,0.5,0.19,0.21,"224,284"
55372,Harquahala Generating Project,Maricopa,AZ,HVID & Well,33.47552147,-113.1140094,1129,20394905,RECIRCULATING TOWER,NGCC,GW,FR,1.26,0.9,0.79,2.43,0.86,1.03,"1,516,370"
55380,Union Power Partners LP,Union,AR,Ouachita River,33.29755586,-92.58676644,175,21955724,RECIRCULATING TOWER,NGCC,SW,FR,6.71,4.79,4.33,12,4.69,5.07,"8,763,352"
55382,KGen Murray I and II LLC,Murray,GA,Municipality,34.70926042,-84.91832935,710,12194016,RECIRCULATING TOWER,NGCC,OT,OT,3.17,2.26,2.05,5.66,2.22,2.4,"4,072,517"
55386,Columbia Energy Center (SC),Calhoun,SC,Congaree River (Indirectly),33.870662,-81.017679,139,9681398,RECIRCULATING TOWER,NGCC,SW,FR,0.35,0.25,0.23,0.62,0.25,0.26,"750,159"
55393,Metcalf Energy Center,Santa Clara,CA,San Jose Municipality,37.22052294,-121.7459353,245,17694469,RECIRCULATING TOWER,NGCC,PD,BE,2.53,1.81,1.65,4.58,1.78,1.94,"3,171,068"
55397,Washington Energy Facility,Washington,OH,Muskingum River,39.58009137,-81.65640377,850,15382265,RECIRCULATING TOWER,NGCC,SW,FR,3.61,2.58,2.31,6.45,2.51,2.73,"4,869,157"
55400,Elk Hills Power LLC,Kern,CA,West Kern Water District,35.28047,-119.470061,1330,17172814,RECIRCULATING TOWER,NGCC,GW,OT,3.49,2.49,2.22,6.67,2.41,2.83,"3,961,595"
55404,Carville Energy LLC,Iberville,LA,Mississippi River,30.22944444,-91.065,15,18991376,RECIRCULATING TOWER,NGCC,SW,FR,0.64,0.46,0.42,1.12,0.45,0.47,"2,709,824"
55406,Effingham County Power Project,Effingham,GA,Municipality,32.27748767,-81.28484785,75,20106853,RECIRCULATING TOWER,NGCC,-nr-,-nr-,2.13,1.52,1.4,3.74,1.51,1.58,"2,769,129"
55411,Hillabee Energy Center,Tallapoosa,AL,Municipality,33,-85.90305556,570,22036587,RECIRCULATING TOWER,NGCC,SW,FR,3.54,2.53,2.31,6.27,2.5,2.66,"5,187,348"
55412,Osprey Energy Center Power Plant,Polk,FL,"Wells, Municipality",28.0527787,-81.80816705,147,16794835,RECIRCULATING TOWER,NGCC,OT,OT,1.83,1.31,1.2,3.23,1.3,1.37,"2,058,658"
55418,Hot Spring Generating Facility,Hot Spring,AR,Ouachita River,34.29754184,-92.86837963,245,21997202,RECIRCULATING TOWER,NGCC,SW,FR,2.1,1.5,1.36,3.75,1.47,1.59,"2,498,565"
55439,Tenaska Virginia Generating Station,Fluvanna,VA,James River,37.86667274,-78.38038748,395,8568065,RECIRCULATING TOWER,NGCC,SW,FR,3.89,2.78,2.53,6.89,2.75,2.92,"5,000,520"
55440,Tenaska Central Alabama Generating Stn,Autauga,AL,Alabama River,32.64993249,-86.73872201,390,21677746,RECIRCULATING TOWER,NGCC,SW,FR,3.46,2.47,2.25,6.14,2.44,2.6,"4,059,469"
55451,Magnolia Power Plant,Benton,MS,Wells,34.83545938,-89.20201946,520,15284308,RECIRCULATING TOWER,NGCC,GW,FR,3.86,2.76,2.5,6.88,2.71,2.92,"4,945,105"
55455,Red Hawk,Maricopa,AZ,Municipality,33.33419555,-112.8410382,885,20396913,RECIRCULATING TOWER,NGCC,PD,BE,4.11,2.93,2.61,7.77,2.83,3.29,"4,525,269"
55457,McClain Energy Facility,McClain,OK,Oklahoma/Moore Municipality W,35.29791467,-97.5897653,1204,6026278,RECIRCULATING TOWER,NGCC,PD,BE,2.53,1.81,1.63,4.53,1.77,1.92,"3,927,152"
55463,Redbud Power Plant,Oklahoma,OK,Municipality,35.68593625,-97.22543647,1020,532683,RECIRCULATING TOWER,NGCC,PD,BE,5.72,4.09,3.69,10.3,4,4.36,"7,882,658"
55464,Deer Park Energy Center,Harris,TX,Municipality-CIWA,29.71527778,-95.13611111,25,1440521,RECIRCULATING TOWER,NGCC,SW,FR,0.07,0.05,0.05,0.12,0.05,0.05,"7,053,327"
55467,Ouachita,Ouachita,LA,Ouachita River,32.70643075,-92.06832614,84,19432838,RECIRCULATING TOWER,NGCC,SW,FR,3.72,2.66,2.41,6.63,2.61,2.81,"4,685,606"
55480,Forney Energy Center,Kaufman,TX,Duck Creek Water Treatment,32.75622336,-96.49109225,386,1293164,RECIRCULATING TOWER,NGCC,PD,BE,8.35,5.96,5.4,15,5.85,6.37,"9,587,419"
55481,Mesquite Generating Station Block 2,Maricopa,AZ,Wells,33.334702,-112.840731,884,20395587,RECIRCULATING TOWER,NGCC,GW,FR,2.92,2.08,1.86,5.52,2.01,2.34,"3,290,692"
55482,Goldendale Generating Station,Klickitat,WA,Municipal (City of Goldendale),45.81080338,-120.8334565,1640,23665123,COMPLEX,NGCC,GW,FR,0.63,0.45,0,0.83,0,0.66,"1,466,052"
55501,Kiamichi Energy Facility,Pittsburg,OK,Lake Eufala,34.68400552,-95.93365516,675,703610,RECIRCULATING TOWER,NGCC,SW,FR,2.59,1.85,1.68,4.64,1.82,1.97,"2,758,166"
55502,Lawrenceburg Energy Facility,Dearborn,IN,Tanners Creek,39.0906175,-84.86740248,491,3405421,RECIRCULATING TOWER,NGCC,SW,FR,4.4,3.14,2.8,7.86,3.03,3.33,"6,774,063"
55503,AEP Waterford Facility,Washington,OH,Muskingum River,39.53346708,-81.71710872,900,15383369,RECIRCULATING TOWER,NGCC,SW,FR,4.05,2.89,2.58,7.25,2.79,3.07,"6,151,587"
55516,Fayette Energy Facility,Fayette,PA,Monongahela River,39.85928344,-79.91803893,1075,3788073,RECIRCULATING TOWER,NGCC,SW,FR,3.98,2.84,2.54,7.23,2.75,3.06,"5,244,353"
55518,High Desert Power Plant,San Bernardino,CA,Municipality,34.59518252,-117.3640174,2855,22656151,RECIRCULATING TOWER,NGCC,SW,FR,3.33,2.38,2.06,6.64,2.23,2.82,"3,542,240"
55524,York Energy Center,York,PA,Conowingo Pool,39.7375,-76.306666,454,,RECIRCULATING TOWER,NGCC,SW,FR,1.74,1.25,1.12,3.1,1.22,1.31,"1,976,570"
55545,Hidalgo Energy Center,Hidalgo,TX,City Of McAllen,26.34189985,-98.17524453,88,207315,RECIRCULATING TOWER,NGCC,PD,BE,2.3,1.64,1.5,4.08,1.62,1.73,"2,820,336"
55620,Perryville Power Station,Ouachita,LA,Bayou Bartholemew,32.69094379,-92.01822569,81,19432568,RECIRCULATING TOWER,NGCC,SW,FR,2.28,1.63,1.48,4.04,1.61,1.71,"3,425,469"
55641,Riverside Energy Center,Rock,WI,Wells,42.58276004,-89.03577672,765,13297306,RECIRCULATING TOWER,NGCC,GW,FR,1.81,1.3,1.13,3.27,1.23,1.39,"2,708,067"
55656,"Pastoria Energy Facility, LLC",Kern,CA,Wheeler Ridge Maricopa Water,34.95624505,-118.8440753,1075,17176112,RECIRCULATING TOWER,NGCC,SW,FR,3.67,2.62,2.31,7.22,2.5,3.06,"4,784,662"
55661,Essential Power Newington LLC,Rockingham,NH,Piscataqua River,43.10486608,-70.80520942,65,5846410,RECIRCULATING TOWER,NGCC,SW,SA,1,0.71,0.64,1.83,0.69,0.78,"1,342,994"
55664,Harrison County Power Project,Harrison,TX,City Of Longview,32.39631267,-94.43531199,280,5278804,RECIRCULATING TOWER,NGCC,PD,BE,1.29,0.92,0.83,2.31,0.9,0.98,"1,560,519"
55667,Lower Mount Bethel Energy,Northampton,PA,Delaware River,40.80164633,-75.10773417,275,2588401,RECIRCULATING TOWER,NGCC,SW,FR,3.16,2.26,2.02,5.73,2.18,2.43,"4,291,180"
55690,Bethlehem Power Plant,Northampton,PA,Lehigh River,40.61817605,-75.31413806,365,4187733,RECIRCULATING TOWER,NGCC,SW,FR,5.08,3.63,3.28,9.01,3.56,3.82,"5,327,292"
55694,Quantum Choctaw Power LLC,Choctaw,MS,Deep Wells,33.37966844,-89.20927296,575,15778976,RECIRCULATING TOWER,NGCC,GW,SA,1.8,1.28,1.16,3.2,1.26,1.36,"2,635,031"
55700,Mint Farm Generating Station,Cowlitz,WA,Wells,46.13999635,-122.9851554,15,24520442,RECIRCULATING TOWER,NGCC,GW,FR,1.29,0.92,0.84,2.32,0.91,0.98,"1,699,886"
55701,Fremont Energy Center,Sandusky,OH,Municipality,41.377116,-83.161388,624,,RECIRCULATING TOWER,NGCC,SW,FR,3.64,2.6,2.33,6.42,2.53,2.72,"2,242,326"
55708,Nacogdoches Power,Nacogdoches,TX,Lake Striker,31.832132,-94.90064,348,,RECIRCULATING TOWER,BIOMASS,SW,FR,0.24,0.17,0.16,0.43,0.17,0.18,"92,151"
55710,FirstEnergy Allegheny Energy Units 3 4 & 5,Allegheny,PA,Allegheney River,40.54534386,-79.76825186,758,11049658,RECIRCULATING TOWER,NGCC,SW,FR,2.63,1.88,1.68,4.81,1.82,2.04,"3,830,185"
55714,Magnet Cove,Hot Spring,AR,Ouachita River,34.42988611,-92.83208333,350,21996628,RECIRCULATING TOWER,NGCC,SW,FR,0.49,0.35,0.32,0.88,0.35,0.37,"712,909"
55736,Hanging Rock Energy Facility,Lawrence,OH,Ohio River,38.57315521,-82.78382021,555,465188,RECIRCULATING TOWER,NGCC,SW,FR,7.69,5.49,4.91,13.8,5.32,5.83,"9,182,371"
55748,Los Esteros Critical Energy Center,Santa Clara,CA,Municipality,37.425,-121.9319,18,,RECIRCULATING TOWER,NGCC,-nr-,-nr-,0.37,0.26,0.24,0.66,0.26,0.28,"351,570"
55749,Hardin Generator Project,Big Horn,MT,Bighorn River,45.76430565,-107.5983087,2890,12778113,RECIRCULATING TOWER,COAL,SW,FR,1.14,0.81,0.72,2.15,0.78,0.91,"489,990"
55801,FPL Energy Marcus Hook LP,Delaware,PA,Delaware River,39.80638889,-75.42083333,18,24903424,RECIRCULATING TOWER,NGCC,SW,FR,3.37,2.41,2.17,5.96,2.35,2.53,"4,526,102"
55818,Frederickson Power LP,Pierce,WA,Municipality,47.08611962,-122.3659443,407,23989493,RECIRCULATING TOWER,NGCC,OT,OT,0.88,0.63,0.57,1.6,0.62,0.68,"1,250,040"
55821,Curtis H Stanton Energy Center,Orange,FL,Stanton Energy Center,28.487656,-81.166985,70,11009165,RECIRCULATING TOWER,NGCC,PD,BE,1.61,1.15,1.06,2.84,1.15,1.2,"1,805,864"
55835,Rocky Mountain Energy Center,Weld,CO,Wells,40.09040539,-104.5954821,4980,225637,RECIRCULATING TOWER,NGCC,SW,FR,1.59,1.14,0.99,3,1.08,1.27,"1,848,027"
55853,Inland Empire Energy Center,Riverside,CA,Eastern Muni Water District,33.738773,-117.169658,1446,22532936,RECIRCULATING TOWER,NGCC,PD,BE,0.8,0.57,0.5,1.53,0.54,0.65,"927,165"
55856,Prairie State Generating Station,St Clair,IL,Kaskaskia River,38.279167,-89.666944,454,,RECIRCULATING TOWER,COAL,SW,FR,16.5,11.8,10.6,29.3,11.5,12.4,"11,106,837"
55927,Jasper,Jasper,SC,Municipality,32.35937222,-81.12403333,21,20107141,RECIRCULATING TOWER,NGCC,OT,FR,4.57,3.26,2.99,8.02,3.24,3.4,"5,500,604"
55965,Wansley Combined Cycle,Heard,GA,Chattahoochee River,33.40616837,-85.03685729,750,3291908,RECIRCULATING TOWER,NGCC,SW,FR,5.47,3.91,3.55,9.68,3.85,4.1,"7,860,460"
55966,Nikiski Co-Generation,Kenai Peninsula,AK,well,60.676539,-151.377713,123,,RECIRCULATING TOWER,NGCC,-nr-,-nr-,0.4,0.28,0.25,0.71,0.27,0.3,"395,023"
55970,Cosumnes,Sacramento,CA,Unavailable,38.33849449,-121.1243979,152,3951857,RECIRCULATING TOWER,NGCC,SW,FR,2.56,1.83,1.64,4.8,1.78,2.04,"3,924,276"
55977,Bluffview,San Juan,NM,Municipality,36.71655726,-108.2148629,5289,17016191,RECIRCULATING TOWER,NGCC,-nr-,-nr-,0.36,0.26,0.23,0.69,0.25,0.29,"332,409"
55985,Palomar Energy,San Diego,CA,Municipality,33.11966452,-117.1174382,770,20341947,RECIRCULATING TOWER,NGCC,PD,BE,2.14,1.53,1.4,3.88,1.52,1.64,"3,002,429"
55990,Ashtabula,Ashtabula,OH,Lake Erie,41.889108,-80.764025,645,9857583,RECIRCULATING TOWER,NGCC,SW,FR,0.43,0.31,0.27,0.79,0.3,0.33,"132,168"
56026,Donald Von Raesfeld Power Plant,Santa Clara,CA,City Reclaimed Water,37.37694221,-121.9509963,38,17695743,RECIRCULATING TOWER,NGCC,-nr-,-nr-,0.86,0.62,0.56,1.55,0.61,0.66,"890,286"
56031,Fox Energy Center,Outagamie,WI,Heart of the Valley Metropolit,44.32067984,-88.20877092,670,12006099,RECIRCULATING TOWER,NGCC,PD,FR,2.18,1.56,1.37,3.9,1.49,1.65,"3,523,263"
56041,Malburg,LOS ANGELES,CA,Municipality,33.99892482,-118.2206947,191,22518272,RECIRCULATING TOWER,NGCC,-nr-,-nr-,0.63,0.45,0.41,1.15,0.44,0.49,"713,205"
56046,Magnolia Power Project,Los Angeles,CA,Municipality,34.17905857,-118.3150908,563,22514950,RECIRCULATING TOWER,NGCC,PD,BE,1.35,0.96,0.87,2.55,0.94,1.08,"1,712,359"
56068,Elm Road Generating Station,Milwaukee,WI,Lake Michigan,42.849755,-87.833098,580,12169329,ONCE-THROUGH FRESH,COAL,SW,FR,505,4.56,229,3810,3.56,5.56,"7,123,683"
56078,Walnut Energy Center,Stanislaus,CA,Reclaim Water,37.48774819,-120.8955122,88,2827038,RECIRCULATING TOWER,NGCC,PD,BE,1.44,1.03,0.93,2.7,1,1.14,"1,576,127"
56079,Riceland Foods Cogeneration Plant,Arkansas,AR,Well & Municipality,34.513356,-91.532536,217,14858731,RECIRCULATING TOWER,BIOMASS,-nr-,-nr-,0.46,0.33,0.3,0.81,0.32,0.34,"15,402"
56104,Mankato Energy Center,Blue Earth,MN,City of Mankato POTW,44.19901632,-94.00294699,800,4141478,RECIRCULATING TOWER,NGCC,PD,BE,0.39,0.28,0.25,0.7,0.27,0.3,"460,470"
56119,Middlesex Generating Facility,MIDDLESEX,NJ,Edward J. Patten Wastewater Pl,40.49027778,-74.31555556,19,9515736,ONCE-THROUGH FRESH,NGCC,SW,FR,6.65,0.08,2.99,51.7,0.06,0.09,"91,144"
56150,McIntosh Combined Cycle Facility,Effingham,GA,Savannah River,32.34746969,-81.1821631,60,20105927,RECIRCULATING TOWER,NGCC,SW,FR,5.52,3.94,3.61,9.7,3.91,4.11,"7,595,534"
56164,Faribault Energy Park,Rice,MN,Wells,44.33530209,-93.28961551,1008,2032821,RECIRCULATING TOWER,NGCC,GW,FR,0.36,0.25,0.23,0.64,0.25,0.27,"474,300"
56177,Nebo Power Station,Utah,UT,Municipality,40.06148872,-111.729407,4569,10349266,RECIRCULATING TOWER,NGCC,-nr-,-nr-,0.56,0.4,0.35,1.09,0.37,0.46,"483,495"
56188,Pinelawn Power LLC,Suffolk,NY,-NR-,40.736486,-73.388285,63,9499692,RECIRCULATING TOWER,NGCC,-nr-,-nr-,0.2,0.15,0.13,0.37,0.14,0.16,"186,841"
56224,TS Power Plant,Eureka,NV,Wells,40.74728563,-116.5298726,4652,11208356,RECIRCULATING TOWER,COAL,GW,FR,1.67,1.19,1.04,3.2,1.13,1.36,"856,756"
56227,Port Westward,Columbia,OR,Columbia River,46.17903689,-123.1720535,13,24521190,RECIRCULATING TOWER,NGCC,SW,FR,1.44,1.03,0.94,2.58,1.01,1.09,"2,324,304"
56237,Lake Side Power Plant,Utah,UT,Wells,40.33093342,-111.7550507,4508,10329055,RECIRCULATING TOWER,NGCC,GW,FR,3.45,2.47,2.15,6.71,2.33,2.84,"4,549,274"
56259,Empire Generating Co  LLC,Rensselaer,NY,Municipality,42.62529,-73.748789,18,6186216,RECIRCULATING TOWER,NGCC,OT,OT,2.44,1.74,1.56,4.44,1.69,1.88,"3,309,001"
56298,Roseville Energy Park,Placer,CA,Municipality/recycled water,38.79286419,-121.3823926,90,15034475,RECIRCULATING TOWER,NGCC,-nr-,-nr-,0.61,0.43,0.39,1.15,0.42,0.49,"630,942"
56309,Trigen St. Louis,St Louis,MO,Mississippi River,38.635754,-90.181087,419,3624735,RECIRCULATING TOWER,NGCC,SW,-nr-,0.06,0.04,0.04,0.11,0.04,0.05,"10,516"
56319,Wygen 2,Campbell,WY,wells,44.29145742,-105.3810648,4423,10902255,COMPLEX,COAL,GW,-nr-,0.07,0.05,0,1.16,0,0.93,"690,613"
56349,Quail Run Energy Center,Ector,TX,Texland Great Plants Water Sup,31.84180098,-102.3152473,2865,5689876,RECIRCULATING TOWER,NGCC,GW,FR,0.75,0.54,0.48,1.48,0.52,0.63,"625,766"
56350,Colorado Bend Energy Center,Wharton,TX,WELLS,29.2885025,-96.0684699,96,3764112,RECIRCULATING TOWER,NGCC,GW,FR,1.78,1.27,1.16,3.12,1.26,1.32,"1,563,392"
56356,Clearwater Power Plant,Riverside,CA,Municipality,33.891927,-117.609303,573,22563096,RECIRCULATING TOWER,NGCC,-nr-,-nr-,0.02,0.01,0.01,0.03,0.01,0.01,"15,139"
56400,Treasure Coast Energy Center,St Lucie,FL,Well Water + Treated Effluent,27.38413494,-80.37772521,18,33336,RECIRCULATING TOWER,NGCC,GW,SA,1.29,0.92,0.84,2.24,0.91,0.95,"1,645,111"
56407,West County Energy Center,Palm Beach,FL,"Village of Wellington, Wells",26.69861111,-80.37472222,13,89748,RECIRCULATING TOWER,NGCC,PD,BE,15.3,10.9,10,26.8,10.9,11.4,"20,428,360"
56456,Plum Point Energy Station,Mississippi,AR,Mississippi River,35.66331312,-89.9461995,245,3671586,RECIRCULATING TOWER,COAL,SW,FR,6.75,4.82,4.38,12,4.75,5.08,"4,062,213"
56467,Russell City Energy Center,Alameda,CA,City of Hayward,37.63466,-122.13381,12,,RECIRCULATING TOWER,NGCC,PD,BE,2.28,1.63,1.49,4.1,1.62,1.74,"2,898,898"
56564,John W Turk Jr Power Plant,Hempstead,AR,Red River,33.649722,-93.811944,297,,RECIRCULATING TOWER,COAL,SW,FR,4.65,3.32,3.01,8.3,3.26,3.52,"3,230,316"
56565,J Lamar Stall Unit,Caddo,LA,Cross Bayou,32.51945308,-93.76066304,175,1136362,RECIRCULATING TOWER,NGCC,SW,FR,2.64,1.89,1.72,4.73,1.86,2,"3,588,706"
56611,Sandy Creek Energy Station,McLennan,TX,WMARSS,31.474378,-96.957149,479,,RECIRCULATING TOWER,COAL,PD,BE,5.9,4.21,3.81,10.7,4.13,4.52,"3,492,531"
56616,Novo BioPower Plant,Navajo,AZ,Wells,34.505089,-110.335377,6051,21754018,RECIRCULATING TOWER,BIOMASS,GW,-nr-,0.66,0.47,0.41,1.26,0.45,0.53,"177,440"
56643,St Paul Cogeneration,Ramsey,MN,Wells,44.942914,-93.096736,710,1104238,RECIRCULATING TOWER,COMPLEX,GW,-nr-,0.34,0.24,0.21,0.61,0.23,0.26,"152,990"
56671,Longview Power Plant,Monongalia,WV,Monongahela River,39.707893,-79.958974,1129,,RECIRCULATING TOWER,COAL,SW,FR,4.5,3.21,2.88,8.17,3.12,3.46,"3,055,709"
56706,Ampersand Chowchilla Biomass LLC,Madera,CA,Municipality,37.107275,-120.248861,240,19777421,RECIRCULATING TOWER,BIOMASS,-nr-,-nr-,0.29,0.21,0.18,0.55,0.2,0.23,"66,029"
56707,El Nido Facility,Merced,CA,Wells,37.18673347,-120.490085,145,19772233,RECIRCULATING TOWER,BIOMASS,GW,-nr-,0.28,0.2,0.18,0.53,0.2,0.23,"65,094"
56786,Spiritwood Station,Stutsman,ND,Jamestown POTW,46.926423,-98.499713,1486,,RECIRCULATING TOWER,COAL,GW,FR,0.41,0.3,0.26,0.74,0.28,0.31,"208,875"
56798,Kleen Energy Systems Project,Middlesex,CT,Connecticut River,41.553227,-72.596867,342,,RECIRCULATING TOWER,NGCC,SW,FR,2.93,2.09,1.89,5.18,2.05,2.2,"4,377,148"
56806,Cedar Bayou 4,Chambers,TX,Cedar Bayou,29.75026303,-94.92585228,28,1558944,ONCE-THROUGH FRESH,NGCC,SW,FR,56.5,0.64,25.9,415,0.5,0.78,"1,300,541"
56807,Bear Garden,Buckingham,VA,James River (ECTI),37.695556,-78.285278,307,,RECIRCULATING TOWER,NGCC,SW,FR,2.44,1.74,1.58,4.34,1.71,1.84,"3,459,459"
56847,Plainfield Renewable Energy LLC,Windham,CT,Quinebaug River,41.664376,-71.92418,180,,RECIRCULATING TOWER,BIOMASS,-nr-,-nr-,0.46,0.33,0.29,0.82,0.32,0.35,"190,772"
56848,Haverhill North Cogeneration Facility,Scioto,OH,well water,38.60046616,-82.8208913,552,465044,RECIRCULATING TOWER,GAS STEAM,GW,-nr-,0.59,0.42,0.38,1.06,0.41,0.45,"358,490"
56931,Aspen Biomass Power Plant,Angelina,TX,Well,31.365833,-94.743611,358,,RECIRCULATING TOWER,BIOMASS,-nr-,-nr-,0.01,0.01,0.01,0.02,0.01,0.01,"7,217"
56963,West Deptford Energy Station,Gloucester,NJ,Municipality,39.8414,-75.2214,14,,RECIRCULATING TOWER,NGCC,-nr-,-nr-,2.79,2,1.8,5,1.95,2.12,"4,276,113"
56998,Pueblo Airport Generating Station,Pueblo,CO,City of Pueblo,38.320833,-104.52639,4859,,RECIRCULATING TOWER,NGCC,-nr-,-nr-,0.95,0.68,0.6,1.78,0.65,0.76,"1,133,192"
57028,Langley Gulch Power Plant,Payette,ID,Snake River Plain Aquifer Well,43.904444,-116.819722,2856,,RECIRCULATING TOWER,NGCC,GW,FR,1.13,0.81,0.71,2.18,0.77,0.92,"1,662,770"
57037,Kemper County IGCC Project,Kemper,MS,Municipality,32.654722,-88.762222,480,,RECIRCULATING TOWER,NGCC,PD,BE,3.52,2.51,2.29,6.23,2.49,2.64,"4,023,217"
57119,Koda Biomass Plant,Scott,MN,Well,44.796216,-93.537714,755,2387062,RECIRCULATING TOWER,BIOMASS,GW,-nr-,0.31,0.22,0.2,0.57,0.22,0.24,"135,058"
57138,Savannah River Site Biomass Cogen,Aiken,SC,Savannah River,33.283333,-81.666666,294,,RECIRCULATING TOWER,BIOMASS,-nr-,-nr-,0.13,0.09,0.08,0.22,0.09,0.09,"76,520"
57241,Gainesville Renewable Energy Center,Alachua,FL,Upper Floridian Aquifer Wells,29.7675,-82.396388,190,,RECIRCULATING TOWER,BIOMASS,GW,FR,0.9,0.64,0.59,1.58,0.63,0.67,"345,385"
57349,Garrison Energy Center LLC,Kent,DE,Municipality,39.187195,-75.499396,25,,RECIRCULATING TOWER,NGCC,OT,FR,0.37,0.27,0.24,0.66,0.26,0.28,"504,543"
57564,Algonquin Power Sanger LLC,Fresno,CA,Municipality,36.684071,-119.553035,362,17136752,RECIRCULATING TOWER,NGCC,-nr-,-nr-,0.15,0.11,0.09,0.29,0.1,0.12,"130,858"
57703,Cheyenne Prairie Generating Station,Laramie,WY,City of Cheyenne WY,41.123611,-104.72,5938,,RECIRCULATING TOWER,NGCC,-nr-,-nr-,0.11,0.08,0.07,0.2,0.07,0.09,"102,752"
57822,"Middletown Coke Company, LLC",Butler,OH,Cooling Tower,39.472222,-84.401389,668,,RECIRCULATING TOWER,GAS STEAM,-nr-,-nr-,0.69,0.5,0.44,1.24,0.48,0.53,"404,446"
57839,Woodbridge Energy Center,Middlesex,NJ,Gray Water,40.515,-74.318889,9,,RECIRCULATING TOWER,NGCC,PD,BE,0.16,0.12,0.11,0.29,0.12,0.12,"160,654"
57898,Palm Beach Renewable Energy Facility 2,Palm Beach,FL,Wells,26.772439,-80.141815,34,,RECIRCULATING TOWER,BIOMASS,-nr-,-nr-,0.85,0.61,0.56,1.48,0.6,0.63,"242,021"
57909,Piedmont Green Power,Lamar,GA,City of Barnesville,33.045278,-84.125556,775,,RECIRCULATING TOWER,BIOMASS,-nr-,-nr-,0.88,0.63,0.57,1.56,0.62,0.66,"401,008"
57978,Lodi Energy Center,San Joaquin,CA,Groundwater,38.088056,-121.3875,21,,RECIRCULATING TOWER,NGCC,PD,BE,1.21,0.87,0.78,2.28,0.84,0.97,"1,692,217"
58001,Panda Temple Power Station,Bell,TX,City of Temple,31.055833,-97.317222,598,,RECIRCULATING TOWER,NGCC,PD,BE,4.76,3.4,3.09,8.51,3.35,3.61,"6,302,912"
58005,Panda Sherman Power Station,Grayson,TX,Lake Texoma,33.582573,-96.617893,727,,RECIRCULATING TOWER,NGCC,SW,FR,2.36,1.69,1.53,4.22,1.66,1.79,"3,238,765"
58007,Brea Expansion Plant,Orange,CA,City Water,33.932022,-117.840233,722,,RECIRCULATING TOWER,NGCC,-nr-,-nr-,0.34,0.24,0.22,0.65,0.24,0.28,"240,655"
58054,Burgess BioPower,Coos,NH,City of Berlin,44.471944,-71.175278,1061,,RECIRCULATING TOWER,BIOMASS,-nr-,-nr-,0.94,0.67,0.59,1.68,0.64,0.71,"421,457"
58079,Newark Energy Center,Essex,NJ,Passaic Valley Sewer Commrs.,40.707222,-74.125833,8,,RECIRCULATING TOWER,NGCC,PD,BE,0.86,0.61,0.56,1.52,0.61,0.64,"1,180,342"
58124,Rothschild Biomass Cogen Facility,Marathon,WI,Wisconsin River,44.887778,-89.629722,1159,,RECIRCULATING TOWER,BIOMASS,-nr-,-nr-,0.09,0.06,0.05,0.15,0.06,0.07,"53,601"
58205,Grand Ave Plant,Jackson,MO,Missouri River,39.111944,-94.581111,792,,RECIRCULATING TOWER,COMPLEX,-nr-,-nr-,0.64,0.46,0.4,1.18,0.43,0.5,"29,108"
58215,Lee Combined Cycle Plant,Wayne,NC,Quaker Neck Lake,35.373611,-78.089444,88,,RECIRCULATING POND,NGCC,SW,FR,2.52,2.52,1.97,3.08,1.97,3.08,"6,472,776"
58427,Lansing BWL REO Town Plant,Ingham,MI,Municipality,42.719722,-84.551667,840,,RECIRCULATING TOWER,NGCC,-nr-,-nr-,0.61,0.43,0.38,1.07,0.42,0.46,"475,712"
58472,Buena Vista Biomass Power,Amador,CA,Jackson Creek,38.277778,-120.913611,306,,RECIRCULATING TOWER,BIOMASS,-nr-,-nr-,0.31,0.22,0.2,0.59,0.22,0.25,"107,983"
58518,WSACC Power Generation Facility,Cabarrus,NC,Treated Effluent Municipal,35.326111,-80.542222,558,,RECIRCULATING POND,BIOMASS,-nr-,-nr-,0.02,0.02,0.02,0.03,0.02,0.03,"2,415"
58557,Mesquite Generating Station Block 1,Maricopa,AZ,Wells,33.345,-112.864167,886,,RECIRCULATING TOWER,NGCC,GW,FR,2.15,1.53,1.36,4.09,1.47,1.73,"2,370,772"
58560,Halifax County Biomass,Halifax,VA,HCSA Maple Avenue WWTP,36.701389,-78.873333,384,,RECIRCULATING TOWER,BIOMASS,-nr-,-nr-,0.57,0.41,0.37,1.02,0.4,0.43,"255,258"
58574,Eagle Valley Clean Energy LLC Biomass,Eagle,CO,Municipality,39.648056,-106.943056,6333,,RECIRCULATING TOWER,BIOMASS,-nr-,-nr-,0,0,0,0.01,0,0,832
58595,Indeck Energy-Alexandria,Grafton,NH,Smith River,43.560833,-71.780556,618,,RECIRCULATING TOWER,BIOMASS,-nr-,-nr-,0.27,0.19,0.17,0.49,0.19,0.21,"109,630"
58697,L V Sutton Combined Cycle,New Hanover,NC,Sutton Lake (Catfish Creek),34.283056,-77.985278,10,,RECIRCULATING POND,NGCC,SW,FR,1.57,1.57,1.23,1.92,1.23,1.92,"4,372,561"
58706,Allendale Biomass,Allendale,SC,Wells,32.995,-81.281944,164,,RECIRCULATING TOWER,BIOMASS,-nr-,-nr-,0.51,0.36,0.33,0.9,0.36,0.38,"161,474"
58707,Dorchester Biomass,Dorchester,SC,Wells,33.238611,-80.450278,89,,RECIRCULATING TOWER,BIOMASS,-nr-,-nr-,0.5,0.36,0.33,0.88,0.35,0.37,"157,156"
58944,Woodville Renewable Power Project,Tyler,TX,City of Woodville Wastewater,30.748333,-94.4375,345,,RECIRCULATING TOWER,BIOMASS,-nr-,-nr-,0.34,0.24,0.22,0.6,0.24,0.26,"124,662"
59254,Johnston LFG Turbine Plant,Providence,RI,city water,41.803333,-71.523333,312,,RECIRCULATING TOWER,NGCC,-nr-,-nr-,0.28,0.2,0.18,0.49,0.19,0.21,"211,007"
59338,Sundevil Power Holdings - Gila River,Maricopa,AZ,Wells,32.975,-112.694444,712,,RECIRCULATING TOWER,NGCC,GW,FR,1.97,1.41,1.23,4.19,1.34,1.78,"2,184,129"
59784,Gila River Power Block 3,Maricopa,AZ,Wells,32.975,-112.6944,712,,RECIRCULATING TOWER,NGCC,GW,FR,1.99,1.42,1.27,4.09,1.37,1.73,"2,170,633"
60100,Dinuba Energy,Tulare,CA,wells,36.571485,-119.419176,342,,RECIRCULATING TOWER,BIOMASS,-nr-,-nr-,0.16,0.12,0.1,0.33,0.11,0.14,"42,881"
